"module name","name","version","licenses"
"@babel/code-frame@7.0.0","@babel/code-frame","7.0.0","MIT"
"@babel/generator@7.2.0","@babel/generator","7.2.0","MIT"
"@babel/helper-function-name@7.1.0","@babel/helper-function-name","7.1.0","MIT"
"@babel/helper-get-function-arity@7.0.0","@babel/helper-get-function-arity","7.0.0","MIT"
"@babel/helper-split-export-declaration@7.0.0","@babel/helper-split-export-declaration","7.0.0","MIT"
"@babel/highlight@7.0.0","@babel/highlight","7.0.0","MIT"
"@babel/parser@7.2.0","@babel/parser","7.2.0","MIT"
"@babel/template@7.1.2","@babel/template","7.1.2","MIT"
"@babel/traverse@7.1.6","@babel/traverse","7.1.6","MIT"
"@babel/types@7.2.0","@babel/types","7.2.0","MIT"
"acorn-jsx@5.0.1","acorn-jsx","5.0.1","MIT"
"acorn@6.0.4","acorn","6.0.4","MIT"
"ajv@6.6.1","ajv","6.6.1","MIT"
"ansi-escapes@3.1.0","ansi-escapes","3.1.0","MIT"
"ansi-regex@3.0.0","ansi-regex","3.0.0","MIT"
"ansi-regex@4.0.0","ansi-regex","4.0.0","MIT"
"ansi-styles@3.2.1","ansi-styles","3.2.1","MIT"
"argparse@1.0.10","argparse","1.0.10","MIT"
"aria-query@3.0.0","aria-query","3.0.0","Apache-2.0"
"array-includes@3.0.3","array-includes","3.0.3","MIT"
"ast-types-flow@0.0.7","ast-types-flow","0.0.7","ISC"
"astral-regex@1.0.0","astral-regex","1.0.0","MIT"
"axobject-query@2.0.2","axobject-query","2.0.2","Apache-2.0"
"babel-eslint@10.0.1","babel-eslint","10.0.1","MIT"
"balanced-match@1.0.0","balanced-match","1.0.0","MIT"
"brace-expansion@1.1.11","brace-expansion","1.1.11","MIT"
"builtin-modules@1.1.1","builtin-modules","1.1.1","MIT"
"caller-path@0.1.0","caller-path","0.1.0","MIT"
"callsites@0.2.0","callsites","0.2.0","MIT"
"chalk@2.4.1","chalk","2.4.1","MIT"
"chardet@0.7.0","chardet","0.7.0","MIT"
"circular-json@0.3.3","circular-json","0.3.3","MIT"
"cli-cursor@2.1.0","cli-cursor","2.1.0","MIT"
"cli-width@2.2.0","cli-width","2.2.0","ISC"
"color-convert@1.9.3","color-convert","1.9.3","MIT"
"color-name@1.1.3","color-name","1.1.3","MIT"
"commander@2.19.0","commander","2.19.0","MIT"
"concat-map@0.0.1","concat-map","0.0.1","MIT"
"contains-path@0.1.0","contains-path","0.1.0","MIT"
"cross-spawn@6.0.5","cross-spawn","6.0.5","MIT"
"damerau-levenshtein@1.0.4","damerau-levenshtein","1.0.4","BSD-2-Clause"
"debug@2.6.9","debug","2.6.9","MIT"
"debug@4.1.0","debug","4.1.0","MIT"
"deep-is@0.1.3","deep-is","0.1.3","MIT"
"define-properties@1.1.3","define-properties","1.1.3","MIT"
"doctrine@1.5.0","doctrine","1.5.0","BSD"
"doctrine@2.1.0","doctrine","2.1.0","Apache-2.0"
"ecv-aoi@1.0.0-beta","ecv-aoi","1.0.0-beta","UNKNOWN"
"emoji-regex@6.5.1","emoji-regex","6.5.1","MIT"
"error-ex@1.3.2","error-ex","1.3.2","MIT"
"es-abstract@1.12.0","es-abstract","1.12.0","MIT"
"es-to-primitive@1.2.0","es-to-primitive","1.2.0","MIT"
"escape-string-regexp@1.0.5","escape-string-regexp","1.0.5","MIT"
"eslint-config-airbnb-base@13.1.0","eslint-config-airbnb-base","13.1.0","MIT"
"eslint-config-airbnb@17.1.0","eslint-config-airbnb","17.1.0","MIT"
"eslint-import-resolver-node@0.3.2","eslint-import-resolver-node","0.3.2","MIT"
"eslint-module-utils@2.2.0","eslint-module-utils","2.2.0","MIT"
"eslint-plugin-import@2.14.0","eslint-plugin-import","2.14.0","MIT"
"eslint-plugin-jsx-a11y@6.1.2","eslint-plugin-jsx-a11y","6.1.2","MIT"
"eslint-plugin-react@7.11.1","eslint-plugin-react","7.11.1","MIT"
"eslint-restricted-globals@0.1.1","eslint-restricted-globals","0.1.1","MIT"
"eslint-scope@3.7.1","eslint-scope","3.7.1","BSD-2-Clause"
"eslint-scope@4.0.0","eslint-scope","4.0.0","BSD-2-Clause"
"eslint-utils@1.3.1","eslint-utils","1.3.1","MIT"
"eslint-visitor-keys@1.0.0","eslint-visitor-keys","1.0.0","Apache-2.0"
"eslint@5.10.0","eslint","5.10.0","MIT"
"espree@5.0.0","espree","5.0.0","BSD-2-Clause"
"esprima@4.0.1","esprima","4.0.1","BSD-2-Clause"
"esquery@1.0.1","esquery","1.0.1","BSD-3-Clause"
"esrecurse@4.2.1","esrecurse","4.2.1","BSD-2-Clause"
"estraverse@4.2.0","estraverse","4.2.0","BSD-2-Clause"
"esutils@2.0.2","esutils","2.0.2","BSD"
"external-editor@3.0.3","external-editor","3.0.3","MIT"
"fast-deep-equal@2.0.1","fast-deep-equal","2.0.1","MIT"
"fast-json-stable-stringify@2.0.0","fast-json-stable-stringify","2.0.0","MIT"
"fast-levenshtein@2.0.6","fast-levenshtein","2.0.6","MIT"
"figures@2.0.0","figures","2.0.0","MIT"
"file-entry-cache@2.0.0","file-entry-cache","2.0.0","MIT"
"find-up@1.1.2","find-up","1.1.2","MIT"
"find-up@2.1.0","find-up","2.1.0","MIT"
"flat-cache@1.3.4","flat-cache","1.3.4","MIT"
"fs.realpath@1.0.0","fs.realpath","1.0.0","ISC"
"function-bind@1.1.1","function-bind","1.1.1","MIT"
"functional-red-black-tree@1.0.1","functional-red-black-tree","1.0.1","MIT"
"glob@7.1.3","glob","7.1.3","ISC"
"globals@11.9.0","globals","11.9.0","MIT"
"graceful-fs@4.1.15","graceful-fs","4.1.15","ISC"
"has-flag@3.0.0","has-flag","3.0.0","MIT"
"has-symbols@1.0.0","has-symbols","1.0.0","MIT"
"has@1.0.3","has","1.0.3","MIT"
"hosted-git-info@2.7.1","hosted-git-info","2.7.1","ISC"
"iconv-lite@0.4.24","iconv-lite","0.4.24","MIT"
"ignore@4.0.6","ignore","4.0.6","MIT"
"imurmurhash@0.1.4","imurmurhash","0.1.4","MIT"
"inflight@1.0.6","inflight","1.0.6","ISC"
"inherits@2.0.3","inherits","2.0.3","ISC"
"inquirer@6.2.1","inquirer","6.2.1","MIT"
"is-arrayish@0.2.1","is-arrayish","0.2.1","MIT"
"is-builtin-module@1.0.0","is-builtin-module","1.0.0","MIT"
"is-callable@1.1.4","is-callable","1.1.4","MIT"
"is-date-object@1.0.1","is-date-object","1.0.1","MIT"
"is-fullwidth-code-point@2.0.0","is-fullwidth-code-point","2.0.0","MIT"
"is-promise@2.1.0","is-promise","2.1.0","MIT"
"is-regex@1.0.4","is-regex","1.0.4","MIT"
"is-symbol@1.0.2","is-symbol","1.0.2","MIT"
"isarray@1.0.0","isarray","1.0.0","MIT"
"isexe@2.0.0","isexe","2.0.0","ISC"
"js-tokens@4.0.0","js-tokens","4.0.0","MIT"
"js-yaml@3.12.0","js-yaml","3.12.0","MIT"
"jsesc@2.5.2","jsesc","2.5.2","MIT"
"json-schema-traverse@0.4.1","json-schema-traverse","0.4.1","MIT"
"json-stable-stringify-without-jsonify@1.0.1","json-stable-stringify-without-jsonify","1.0.1","MIT"
"jsx-ast-utils@2.0.1","jsx-ast-utils","2.0.1","MIT"
"levn@0.3.0","levn","0.3.0","MIT"
"load-json-file@2.0.0","load-json-file","2.0.0","MIT"
"locate-path@2.0.0","locate-path","2.0.0","MIT"
"lodash@4.17.11","lodash","4.17.11","MIT"
"loose-envify@1.4.0","loose-envify","1.4.0","MIT"
"mimic-fn@1.2.0","mimic-fn","1.2.0","MIT"
"minimatch@3.0.4","minimatch","3.0.4","ISC"
"minimist@0.0.8","minimist","0.0.8","MIT"
"mkdirp@0.5.1","mkdirp","0.5.1","MIT"
"ms@2.0.0","ms","2.0.0","MIT"
"ms@2.1.1","ms","2.1.1","MIT"
"mute-stream@0.0.7","mute-stream","0.0.7","ISC"
"natural-compare@1.4.0","natural-compare","1.4.0","MIT"
"nice-try@1.0.5","nice-try","1.0.5","MIT"
"normalize-package-data@2.4.0","normalize-package-data","2.4.0","BSD-2-Clause"
"object-assign@4.1.1","object-assign","4.1.1","MIT"
"object-keys@1.0.12","object-keys","1.0.12","MIT"
"object.assign@4.1.0","object.assign","4.1.0","MIT"
"object.entries@1.0.4","object.entries","1.0.4","MIT"
"once@1.4.0","once","1.4.0","ISC"
"onetime@2.0.1","onetime","2.0.1","MIT"
"optionator@0.8.2","optionator","0.8.2","MIT"
"os-tmpdir@1.0.2","os-tmpdir","1.0.2","MIT"
"p-limit@1.3.0","p-limit","1.3.0","MIT"
"p-locate@2.0.0","p-locate","2.0.0","MIT"
"p-try@1.0.0","p-try","1.0.0","MIT"
"parse-json@2.2.0","parse-json","2.2.0","MIT"
"path-exists@2.1.0","path-exists","2.1.0","MIT"
"path-exists@3.0.0","path-exists","3.0.0","MIT"
"path-is-absolute@1.0.1","path-is-absolute","1.0.1","MIT"
"path-is-inside@1.0.2","path-is-inside","1.0.2","(WTFPL OR MIT)"
"path-key@2.0.1","path-key","2.0.1","MIT"
"path-parse@1.0.6","path-parse","1.0.6","MIT"
"path-type@2.0.0","path-type","2.0.0","MIT"
"pify@2.3.0","pify","2.3.0","MIT"
"pinkie-promise@2.0.1","pinkie-promise","2.0.1","MIT"
"pinkie@2.0.4","pinkie","2.0.4","MIT"
"pkg-dir@1.0.0","pkg-dir","1.0.0","MIT"
"pluralize@7.0.0","pluralize","7.0.0","MIT"
"prelude-ls@1.1.2","prelude-ls","1.1.2","MIT"
"progress@2.0.3","progress","2.0.3","MIT"
"prop-types@15.6.2","prop-types","15.6.2","MIT"
"punycode@2.1.1","punycode","2.1.1","MIT"
"read-pkg-up@2.0.0","read-pkg-up","2.0.0","MIT"
"read-pkg@2.0.0","read-pkg","2.0.0","MIT"
"regexpp@2.0.1","regexpp","2.0.1","MIT"
"require-uncached@1.0.3","require-uncached","1.0.3","MIT"
"resolve-from@1.0.1","resolve-from","1.0.1","MIT"
"resolve@1.8.1","resolve","1.8.1","MIT"
"restore-cursor@2.0.0","restore-cursor","2.0.0","MIT"
"rimraf@2.6.2","rimraf","2.6.2","ISC"
"run-async@2.3.0","run-async","2.3.0","MIT"
"rxjs@6.3.3","rxjs","6.3.3","Apache-2.0"
"safer-buffer@2.1.2","safer-buffer","2.1.2","MIT"
"semver@5.6.0","semver","5.6.0","ISC"
"shebang-command@1.2.0","shebang-command","1.2.0","MIT"
"shebang-regex@1.0.0","shebang-regex","1.0.0","MIT"
"signal-exit@3.0.2","signal-exit","3.0.2","ISC"
"slice-ansi@2.0.0","slice-ansi","2.0.0","MIT"
"source-map@0.5.7","source-map","0.5.7","BSD-3-Clause"
"spdx-correct@3.1.0","spdx-correct","3.1.0","Apache-2.0"
"spdx-exceptions@2.2.0","spdx-exceptions","2.2.0","CC-BY-3.0"
"spdx-expression-parse@3.0.0","spdx-expression-parse","3.0.0","MIT"
"spdx-license-ids@3.0.2","spdx-license-ids","3.0.2","CC0-1.0"
"sprintf-js@1.0.3","sprintf-js","1.0.3","BSD-3-Clause"
"string-width@2.1.1","string-width","2.1.1","MIT"
"strip-ansi@4.0.0","strip-ansi","4.0.0","MIT"
"strip-ansi@5.0.0","strip-ansi","5.0.0","MIT"
"strip-bom@3.0.0","strip-bom","3.0.0","MIT"
"strip-json-comments@2.0.1","strip-json-comments","2.0.1","MIT"
"supports-color@5.5.0","supports-color","5.5.0","MIT"
"table@5.1.1","table","5.1.1","BSD-3-Clause"
"text-table@0.2.0","text-table","0.2.0","MIT"
"through@2.3.8","through","2.3.8","MIT"
"tmp@0.0.33","tmp","0.0.33","MIT"
"to-fast-properties@2.0.0","to-fast-properties","2.0.0","MIT"
"trim-right@1.0.1","trim-right","1.0.1","MIT"
"tslib@1.9.3","tslib","1.9.3","Apache-2.0"
"type-check@0.3.2","type-check","0.3.2","MIT"
"uri-js@4.2.2","uri-js","4.2.2","BSD-2-Clause"
"validate-npm-package-license@3.0.4","validate-npm-package-license","3.0.4","Apache-2.0"
"which@1.3.1","which","1.3.1","ISC"
"wordwrap@1.0.0","wordwrap","1.0.0","MIT"
"wrappy@1.0.2","wrappy","1.0.2","ISC"
"write@0.2.1","write","0.2.1","MIT"