"module name","name","version","licenses"
"@ant-design/icons-react@1.1.2","@ant-design/icons-react","1.1.2","MIT"
"@ant-design/icons@1.1.16","@ant-design/icons","1.1.16","MIT"
"@babel/code-frame@7.0.0","@babel/code-frame","7.0.0","MIT"
"@babel/code-frame@7.0.0-beta.44","@babel/code-frame","7.0.0-beta.44","MIT"
"@babel/core@7.2.0","@babel/core","7.2.0","MIT"
"@babel/generator@7.0.0-beta.44","@babel/generator","7.0.0-beta.44","MIT"
"@babel/generator@7.2.0","@babel/generator","7.2.0","MIT"
"@babel/helper-function-name@7.0.0-beta.44","@babel/helper-function-name","7.0.0-beta.44","MIT"
"@babel/helper-function-name@7.1.0","@babel/helper-function-name","7.1.0","MIT"
"@babel/helper-get-function-arity@7.0.0","@babel/helper-get-function-arity","7.0.0","MIT"
"@babel/helper-get-function-arity@7.0.0-beta.44","@babel/helper-get-function-arity","7.0.0-beta.44","MIT"
"@babel/helper-module-imports@7.0.0","@babel/helper-module-imports","7.0.0","MIT"
"@babel/helper-split-export-declaration@7.0.0","@babel/helper-split-export-declaration","7.0.0","MIT"
"@babel/helper-split-export-declaration@7.0.0-beta.44","@babel/helper-split-export-declaration","7.0.0-beta.44","MIT"
"@babel/helpers@7.2.0","@babel/helpers","7.2.0","MIT"
"@babel/highlight@7.0.0","@babel/highlight","7.0.0","MIT"
"@babel/highlight@7.0.0-beta.44","@babel/highlight","7.0.0-beta.44","MIT"
"@babel/parser@7.2.0","@babel/parser","7.2.0","MIT"
"@babel/runtime@7.2.0","@babel/runtime","7.2.0","MIT"
"@babel/template@7.0.0-beta.44","@babel/template","7.0.0-beta.44","MIT"
"@babel/template@7.1.2","@babel/template","7.1.2","MIT"
"@babel/traverse@7.0.0-beta.44","@babel/traverse","7.0.0-beta.44","MIT"
"@babel/traverse@7.1.6","@babel/traverse","7.1.6","MIT"
"@babel/types@7.0.0-beta.44","@babel/types","7.0.0-beta.44","MIT"
"@babel/types@7.2.0","@babel/types","7.2.0","MIT"
"@most/multicast@1.3.0","@most/multicast","1.3.0","MIT"
"@most/prelude@1.7.2","@most/prelude","1.7.2","MIT"
"@snyk/dep-graph@1.1.2","@snyk/dep-graph","1.1.2","Apache-2.0"
"@snyk/gemfile@1.1.0","@snyk/gemfile","1.1.0","MIT"
"@types/babel-types@7.0.4","@types/babel-types","7.0.4","MIT"
"@types/babylon@6.16.4","@types/babylon","6.16.4","MIT"
"@webassemblyjs/ast@1.7.11","@webassemblyjs/ast","1.7.11","MIT"
"@webassemblyjs/floating-point-hex-parser@1.7.11","@webassemblyjs/floating-point-hex-parser","1.7.11","MIT"
"@webassemblyjs/helper-api-error@1.7.11","@webassemblyjs/helper-api-error","1.7.11","MIT"
"@webassemblyjs/helper-buffer@1.7.11","@webassemblyjs/helper-buffer","1.7.11","MIT"
"@webassemblyjs/helper-code-frame@1.7.11","@webassemblyjs/helper-code-frame","1.7.11","MIT"
"@webassemblyjs/helper-fsm@1.7.11","@webassemblyjs/helper-fsm","1.7.11","ISC"
"@webassemblyjs/helper-module-context@1.7.11","@webassemblyjs/helper-module-context","1.7.11","MIT"
"@webassemblyjs/helper-wasm-bytecode@1.7.11","@webassemblyjs/helper-wasm-bytecode","1.7.11","MIT"
"@webassemblyjs/helper-wasm-section@1.7.11","@webassemblyjs/helper-wasm-section","1.7.11","MIT"
"@webassemblyjs/ieee754@1.7.11","@webassemblyjs/ieee754","1.7.11","MIT"
"@webassemblyjs/leb128@1.7.11","@webassemblyjs/leb128","1.7.11","MIT"
"@webassemblyjs/utf8@1.7.11","@webassemblyjs/utf8","1.7.11","MIT"
"@webassemblyjs/wasm-edit@1.7.11","@webassemblyjs/wasm-edit","1.7.11","MIT"
"@webassemblyjs/wasm-gen@1.7.11","@webassemblyjs/wasm-gen","1.7.11","MIT"
"@webassemblyjs/wasm-opt@1.7.11","@webassemblyjs/wasm-opt","1.7.11","MIT"
"@webassemblyjs/wasm-parser@1.7.11","@webassemblyjs/wasm-parser","1.7.11","MIT"
"@webassemblyjs/wast-parser@1.7.11","@webassemblyjs/wast-parser","1.7.11","MIT"
"@webassemblyjs/wast-printer@1.7.11","@webassemblyjs/wast-printer","1.7.11","MIT"
"@xtuc/ieee754@1.2.0","@xtuc/ieee754","1.2.0","BSD-3-Clause"
"@xtuc/long@4.2.1","@xtuc/long","4.2.1","Apache-2.0"
"@yarnpkg/lockfile@1.1.0","@yarnpkg/lockfile","1.1.0","BSD-2-Clause"
"abbrev@1.1.1","abbrev","1.1.1","ISC"
"accepts@1.3.5","accepts","1.3.5","MIT"
"acorn-dynamic-import@3.0.0","acorn-dynamic-import","3.0.0","MIT"
"acorn-globals@3.1.0","acorn-globals","3.1.0","MIT"
"acorn-jsx@5.0.1","acorn-jsx","5.0.1","MIT"
"acorn@3.3.0","acorn","3.3.0","MIT"
"acorn@4.0.13","acorn","4.0.13","MIT"
"acorn@5.7.3","acorn","5.7.3","MIT"
"acorn@6.0.4","acorn","6.0.4","MIT"
"add-dom-event-listener@1.1.0","add-dom-event-listener","1.1.0","MIT"
"after@0.8.2","after","0.8.2","MIT"
"agent-base@4.2.1","agent-base","4.2.1","MIT"
"ajv-errors@1.0.0","ajv-errors","1.0.0","MIT"
"ajv-keywords@3.2.0","ajv-keywords","3.2.0","MIT"
"ajv@6.6.1","ajv","6.6.1","MIT"
"align-text@0.1.4","align-text","0.1.4","MIT"
"alphanum-sort@1.0.2","alphanum-sort","1.0.2","MIT"
"amdefine@1.0.1","amdefine","1.0.1","BSD-3-Clause OR MIT"
"ansi-align@2.0.0","ansi-align","2.0.0","ISC"
"ansi-colors@3.2.3","ansi-colors","3.2.3","MIT"
"ansi-escapes@3.1.0","ansi-escapes","3.1.0","MIT"
"ansi-html@0.0.7","ansi-html","0.0.7","Apache-2.0"
"ansi-regex@2.1.1","ansi-regex","2.1.1","MIT"
"ansi-regex@3.0.0","ansi-regex","3.0.0","MIT"
"ansi-regex@4.0.0","ansi-regex","4.0.0","MIT"
"ansi-styles@2.2.1","ansi-styles","2.2.1","MIT"
"ansi-styles@3.2.1","ansi-styles","3.2.1","MIT"
"ansicolors@0.3.2","ansicolors","0.3.2","MIT"
"ant-design-palettes@1.1.3","ant-design-palettes","1.1.3","MIT"
"antd@3.11.2","antd","3.11.2","MIT"
"anymatch@1.3.2","anymatch","1.3.2","ISC"
"anymatch@2.0.0","anymatch","2.0.0","ISC"
"aproba@1.2.0","aproba","1.2.0","ISC"
"archy@1.0.0","archy","1.0.0","MIT"
"are-we-there-yet@1.1.5","are-we-there-yet","1.1.5","ISC"
"argparse@1.0.10","argparse","1.0.10","MIT"
"aria-query@3.0.0","aria-query","3.0.0","Apache-2.0"
"arr-diff@2.0.0","arr-diff","2.0.0","MIT"
"arr-diff@4.0.0","arr-diff","4.0.0","MIT"
"arr-flatten@1.1.0","arr-flatten","1.1.0","MIT"
"arr-union@3.1.0","arr-union","3.1.0","MIT"
"array-filter@0.0.1","array-filter","0.0.1","MIT"
"array-find-index@1.0.2","array-find-index","1.0.2","MIT"
"array-flatten@1.1.1","array-flatten","1.1.1","MIT"
"array-flatten@2.1.2","array-flatten","2.1.2","MIT"
"array-includes@3.0.3","array-includes","3.0.3","MIT"
"array-map@0.0.0","array-map","0.0.0","MIT"
"array-reduce@0.0.0","array-reduce","0.0.0","MIT"
"array-tree-filter@1.0.1","array-tree-filter","1.0.1","MIT"
"array-tree-filter@2.1.0","array-tree-filter","2.1.0","MIT"
"array-union@1.0.2","array-union","1.0.2","MIT"
"array-uniq@1.0.3","array-uniq","1.0.3","MIT"
"array-unique@0.2.1","array-unique","0.2.1","MIT"
"array-unique@0.3.2","array-unique","0.3.2","MIT"
"arraybuffer.slice@0.0.7","arraybuffer.slice","0.0.7","MIT"
"arrify@1.0.1","arrify","1.0.1","MIT"
"asap@2.0.6","asap","2.0.6","MIT"
"asn1.js@4.10.1","asn1.js","4.10.1","MIT"
"asn1@0.2.4","asn1","0.2.4","MIT"
"assert-plus@1.0.0","assert-plus","1.0.0","MIT"
"assert@1.4.1","assert","1.4.1","MIT"
"assign-symbols@1.0.0","assign-symbols","1.0.0","MIT"
"ast-types-flow@0.0.7","ast-types-flow","0.0.7","ISC"
"ast-types@0.11.7","ast-types","0.11.7","MIT"
"astral-regex@1.0.0","astral-regex","1.0.0","MIT"
"async-each@1.0.1","async-each","1.0.1","MIT"
"async-foreach@0.1.3","async-foreach","0.1.3","MIT*"
"async-limiter@1.0.0","async-limiter","1.0.0","MIT"
"async-validator@1.8.5","async-validator","1.8.5","MIT"
"async@1.5.2","async","1.5.2","MIT"
"async@2.6.1","async","2.6.1","MIT"
"asynckit@0.4.0","asynckit","0.4.0","MIT"
"atob@2.1.2","atob","2.1.2","(MIT OR Apache-2.0)"
"autoprefixer@9.4.2","autoprefixer","9.4.2","MIT"
"aws-sdk@2.373.0","aws-sdk","2.373.0","Apache-2.0"
"aws-sign2@0.7.0","aws-sign2","0.7.0","Apache-2.0"
"aws4@1.8.0","aws4","1.8.0","MIT"
"axios@0.18.0","axios","0.18.0","MIT"
"axobject-query@2.0.2","axobject-query","2.0.2","Apache-2.0"
"babel-cli@6.26.0","babel-cli","6.26.0","MIT"
"babel-code-frame@6.26.0","babel-code-frame","6.26.0","MIT"
"babel-core@6.26.3","babel-core","6.26.3","MIT"
"babel-eslint@8.2.6","babel-eslint","8.2.6","MIT"
"babel-generator@6.26.1","babel-generator","6.26.1","MIT"
"babel-helper-bindify-decorators@6.24.1","babel-helper-bindify-decorators","6.24.1","MIT"
"babel-helper-builder-binary-assignment-operator-visitor@6.24.1","babel-helper-builder-binary-assignment-operator-visitor","6.24.1","MIT"
"babel-helper-builder-react-jsx@6.26.0","babel-helper-builder-react-jsx","6.26.0","MIT"
"babel-helper-call-delegate@6.24.1","babel-helper-call-delegate","6.24.1","MIT"
"babel-helper-define-map@6.26.0","babel-helper-define-map","6.26.0","MIT"
"babel-helper-evaluate-path@0.4.3","babel-helper-evaluate-path","0.4.3","MIT"
"babel-helper-explode-assignable-expression@6.24.1","babel-helper-explode-assignable-expression","6.24.1","MIT"
"babel-helper-explode-class@6.24.1","babel-helper-explode-class","6.24.1","MIT"
"babel-helper-flip-expressions@0.4.3","babel-helper-flip-expressions","0.4.3","MIT"
"babel-helper-function-name@6.24.1","babel-helper-function-name","6.24.1","MIT"
"babel-helper-get-function-arity@6.24.1","babel-helper-get-function-arity","6.24.1","MIT"
"babel-helper-hoist-variables@6.24.1","babel-helper-hoist-variables","6.24.1","MIT"
"babel-helper-is-nodes-equiv@0.0.1","babel-helper-is-nodes-equiv","0.0.1","MIT"
"babel-helper-is-void-0@0.4.3","babel-helper-is-void-0","0.4.3","MIT"
"babel-helper-mark-eval-scopes@0.4.3","babel-helper-mark-eval-scopes","0.4.3","MIT"
"babel-helper-optimise-call-expression@6.24.1","babel-helper-optimise-call-expression","6.24.1","MIT"
"babel-helper-regex@6.26.0","babel-helper-regex","6.26.0","MIT"
"babel-helper-remap-async-to-generator@6.24.1","babel-helper-remap-async-to-generator","6.24.1","MIT"
"babel-helper-remove-or-void@0.4.3","babel-helper-remove-or-void","0.4.3","MIT"
"babel-helper-replace-supers@6.24.1","babel-helper-replace-supers","6.24.1","MIT"
"babel-helper-to-multiple-sequence-expressions@0.4.3","babel-helper-to-multiple-sequence-expressions","0.4.3","MIT"
"babel-helpers@6.24.1","babel-helpers","6.24.1","MIT"
"babel-loader@7.1.5","babel-loader","7.1.5","MIT"
"babel-messages@6.23.0","babel-messages","6.23.0","MIT"
"babel-minify@0.4.3","babel-minify","0.4.3","MIT"
"babel-plugin-check-es2015-constants@6.22.0","babel-plugin-check-es2015-constants","6.22.0","MIT"
"babel-plugin-import@1.11.0","babel-plugin-import","1.11.0","MIT"
"babel-plugin-minify-builtins@0.4.3","babel-plugin-minify-builtins","0.4.3","MIT"
"babel-plugin-minify-constant-folding@0.4.3","babel-plugin-minify-constant-folding","0.4.3","MIT"
"babel-plugin-minify-dead-code-elimination@0.4.3","babel-plugin-minify-dead-code-elimination","0.4.3","MIT"
"babel-plugin-minify-flip-comparisons@0.4.3","babel-plugin-minify-flip-comparisons","0.4.3","MIT"
"babel-plugin-minify-guarded-expressions@0.4.3","babel-plugin-minify-guarded-expressions","0.4.3","MIT"
"babel-plugin-minify-infinity@0.4.3","babel-plugin-minify-infinity","0.4.3","MIT"
"babel-plugin-minify-mangle-names@0.4.3","babel-plugin-minify-mangle-names","0.4.3","MIT"
"babel-plugin-minify-numeric-literals@0.4.3","babel-plugin-minify-numeric-literals","0.4.3","MIT"
"babel-plugin-minify-replace@0.4.3","babel-plugin-minify-replace","0.4.3","MIT"
"babel-plugin-minify-simplify@0.4.3","babel-plugin-minify-simplify","0.4.3","MIT"
"babel-plugin-minify-type-constructors@0.4.3","babel-plugin-minify-type-constructors","0.4.3","MIT"
"babel-plugin-syntax-async-functions@6.13.0","babel-plugin-syntax-async-functions","6.13.0","MIT"
"babel-plugin-syntax-async-generators@6.13.0","babel-plugin-syntax-async-generators","6.13.0","MIT"
"babel-plugin-syntax-class-properties@6.13.0","babel-plugin-syntax-class-properties","6.13.0","MIT"
"babel-plugin-syntax-decorators@6.13.0","babel-plugin-syntax-decorators","6.13.0","MIT"
"babel-plugin-syntax-dynamic-import@6.18.0","babel-plugin-syntax-dynamic-import","6.18.0","MIT"
"babel-plugin-syntax-exponentiation-operator@6.13.0","babel-plugin-syntax-exponentiation-operator","6.13.0","MIT"
"babel-plugin-syntax-flow@6.18.0","babel-plugin-syntax-flow","6.18.0","MIT"
"babel-plugin-syntax-jsx@6.18.0","babel-plugin-syntax-jsx","6.18.0","MIT"
"babel-plugin-syntax-object-rest-spread@6.13.0","babel-plugin-syntax-object-rest-spread","6.13.0","MIT"
"babel-plugin-syntax-trailing-function-commas@6.22.0","babel-plugin-syntax-trailing-function-commas","6.22.0","MIT"
"babel-plugin-transform-async-generator-functions@6.24.1","babel-plugin-transform-async-generator-functions","6.24.1","MIT"
"babel-plugin-transform-async-to-generator@6.24.1","babel-plugin-transform-async-to-generator","6.24.1","MIT"
"babel-plugin-transform-class-properties@6.24.1","babel-plugin-transform-class-properties","6.24.1","MIT"
"babel-plugin-transform-decorators@6.24.1","babel-plugin-transform-decorators","6.24.1","MIT"
"babel-plugin-transform-es2015-arrow-functions@6.22.0","babel-plugin-transform-es2015-arrow-functions","6.22.0","MIT"
"babel-plugin-transform-es2015-block-scoped-functions@6.22.0","babel-plugin-transform-es2015-block-scoped-functions","6.22.0","MIT"
"babel-plugin-transform-es2015-block-scoping@6.26.0","babel-plugin-transform-es2015-block-scoping","6.26.0","MIT"
"babel-plugin-transform-es2015-classes@6.24.1","babel-plugin-transform-es2015-classes","6.24.1","MIT"
"babel-plugin-transform-es2015-computed-properties@6.24.1","babel-plugin-transform-es2015-computed-properties","6.24.1","MIT"
"babel-plugin-transform-es2015-destructuring@6.23.0","babel-plugin-transform-es2015-destructuring","6.23.0","MIT"
"babel-plugin-transform-es2015-duplicate-keys@6.24.1","babel-plugin-transform-es2015-duplicate-keys","6.24.1","MIT"
"babel-plugin-transform-es2015-for-of@6.23.0","babel-plugin-transform-es2015-for-of","6.23.0","MIT"
"babel-plugin-transform-es2015-function-name@6.24.1","babel-plugin-transform-es2015-function-name","6.24.1","MIT"
"babel-plugin-transform-es2015-literals@6.22.0","babel-plugin-transform-es2015-literals","6.22.0","MIT"
"babel-plugin-transform-es2015-modules-amd@6.24.1","babel-plugin-transform-es2015-modules-amd","6.24.1","MIT"
"babel-plugin-transform-es2015-modules-commonjs@6.26.2","babel-plugin-transform-es2015-modules-commonjs","6.26.2","MIT"
"babel-plugin-transform-es2015-modules-systemjs@6.24.1","babel-plugin-transform-es2015-modules-systemjs","6.24.1","MIT"
"babel-plugin-transform-es2015-modules-umd@6.24.1","babel-plugin-transform-es2015-modules-umd","6.24.1","MIT"
"babel-plugin-transform-es2015-object-super@6.24.1","babel-plugin-transform-es2015-object-super","6.24.1","MIT"
"babel-plugin-transform-es2015-parameters@6.24.1","babel-plugin-transform-es2015-parameters","6.24.1","MIT"
"babel-plugin-transform-es2015-shorthand-properties@6.24.1","babel-plugin-transform-es2015-shorthand-properties","6.24.1","MIT"
"babel-plugin-transform-es2015-spread@6.22.0","babel-plugin-transform-es2015-spread","6.22.0","MIT"
"babel-plugin-transform-es2015-sticky-regex@6.24.1","babel-plugin-transform-es2015-sticky-regex","6.24.1","MIT"
"babel-plugin-transform-es2015-template-literals@6.22.0","babel-plugin-transform-es2015-template-literals","6.22.0","MIT"
"babel-plugin-transform-es2015-typeof-symbol@6.23.0","babel-plugin-transform-es2015-typeof-symbol","6.23.0","MIT"
"babel-plugin-transform-es2015-unicode-regex@6.24.1","babel-plugin-transform-es2015-unicode-regex","6.24.1","MIT"
"babel-plugin-transform-exponentiation-operator@6.24.1","babel-plugin-transform-exponentiation-operator","6.24.1","MIT"
"babel-plugin-transform-flow-strip-types@6.22.0","babel-plugin-transform-flow-strip-types","6.22.0","MIT"
"babel-plugin-transform-inline-consecutive-adds@0.4.3","babel-plugin-transform-inline-consecutive-adds","0.4.3","MIT"
"babel-plugin-transform-member-expression-literals@6.9.4","babel-plugin-transform-member-expression-literals","6.9.4","MIT"
"babel-plugin-transform-merge-sibling-variables@6.9.4","babel-plugin-transform-merge-sibling-variables","6.9.4","MIT"
"babel-plugin-transform-minify-booleans@6.9.4","babel-plugin-transform-minify-booleans","6.9.4","MIT"
"babel-plugin-transform-object-rest-spread@6.26.0","babel-plugin-transform-object-rest-spread","6.26.0","MIT"
"babel-plugin-transform-property-literals@6.9.4","babel-plugin-transform-property-literals","6.9.4","MIT"
"babel-plugin-transform-react-display-name@6.25.0","babel-plugin-transform-react-display-name","6.25.0","MIT"
"babel-plugin-transform-react-jsx-self@6.22.0","babel-plugin-transform-react-jsx-self","6.22.0","MIT"
"babel-plugin-transform-react-jsx-source@6.22.0","babel-plugin-transform-react-jsx-source","6.22.0","MIT"
"babel-plugin-transform-react-jsx@6.24.1","babel-plugin-transform-react-jsx","6.24.1","MIT"
"babel-plugin-transform-regenerator@6.26.0","babel-plugin-transform-regenerator","6.26.0","MIT"
"babel-plugin-transform-regexp-constructors@0.4.3","babel-plugin-transform-regexp-constructors","0.4.3","MIT"
"babel-plugin-transform-remove-console@6.9.4","babel-plugin-transform-remove-console","6.9.4","MIT"
"babel-plugin-transform-remove-debugger@6.9.4","babel-plugin-transform-remove-debugger","6.9.4","MIT"
"babel-plugin-transform-remove-undefined@0.4.3","babel-plugin-transform-remove-undefined","0.4.3","MIT"
"babel-plugin-transform-runtime@6.23.0","babel-plugin-transform-runtime","6.23.0","MIT"
"babel-plugin-transform-simplify-comparison-operators@6.9.4","babel-plugin-transform-simplify-comparison-operators","6.9.4","MIT"
"babel-plugin-transform-strict-mode@6.24.1","babel-plugin-transform-strict-mode","6.24.1","MIT"
"babel-plugin-transform-undefined-to-void@6.9.4","babel-plugin-transform-undefined-to-void","6.9.4","MIT"
"babel-polyfill@6.26.0","babel-polyfill","6.26.0","MIT"
"babel-preset-env@1.7.0","babel-preset-env","1.7.0","MIT"
"babel-preset-flow@6.23.0","babel-preset-flow","6.23.0","MIT"
"babel-preset-minify@0.4.3","babel-preset-minify","0.4.3","MIT"
"babel-preset-react@6.24.1","babel-preset-react","6.24.1","MIT"
"babel-preset-stage-2@6.24.1","babel-preset-stage-2","6.24.1","MIT"
"babel-preset-stage-3@6.24.1","babel-preset-stage-3","6.24.1","MIT"
"babel-register@6.26.0","babel-register","6.26.0","MIT"
"babel-runtime@6.26.0","babel-runtime","6.26.0","MIT"
"babel-template@6.26.0","babel-template","6.26.0","MIT"
"babel-traverse@6.26.0","babel-traverse","6.26.0","MIT"
"babel-types@6.26.0","babel-types","6.26.0","MIT"
"babylon@6.18.0","babylon","6.18.0","MIT"
"babylon@7.0.0-beta.44","babylon","7.0.0-beta.44","MIT"
"backo2@1.0.2","backo2","1.0.2","MIT"
"balanced-match@1.0.0","balanced-match","1.0.0","MIT"
"base64-arraybuffer@0.1.5","base64-arraybuffer","0.1.5","MIT"
"base64-js@1.3.0","base64-js","1.3.0","MIT"
"base64id@1.0.0","base64id","1.0.0","MIT"
"base@0.11.2","base","0.11.2","MIT"
"batch@0.6.1","batch","0.6.1","MIT"
"bcrypt-pbkdf@1.0.2","bcrypt-pbkdf","1.0.2","BSD-3-Clause"
"better-assert@1.0.2","better-assert","1.0.2","MIT*"
"bfj-node4@5.3.1","bfj-node4","5.3.1","MIT"
"big.js@3.2.0","big.js","3.2.0","MIT"
"binary-extensions@1.12.0","binary-extensions","1.12.0","MIT"
"blessed@0.1.81","blessed","0.1.81","MIT"
"blob@0.0.5","blob","0.0.5","MIT"
"block-stream@0.0.9","block-stream","0.0.9","ISC"
"bluebird@3.5.3","bluebird","3.5.3","MIT"
"bn.js@4.11.8","bn.js","4.11.8","MIT"
"body-parser@1.18.3","body-parser","1.18.3","MIT"
"bonjour@3.5.0","bonjour","3.5.0","MIT"
"boolbase@1.0.0","boolbase","1.0.0","ISC"
"boxen@1.3.0","boxen","1.3.0","MIT"
"brace-expansion@1.1.11","brace-expansion","1.1.11","MIT"
"braces@1.8.5","braces","1.8.5","MIT"
"braces@2.3.2","braces","2.3.2","MIT"
"brorand@1.1.0","brorand","1.1.0","MIT"
"browserify-aes@1.2.0","browserify-aes","1.2.0","MIT"
"browserify-cipher@1.0.1","browserify-cipher","1.0.1","MIT"
"browserify-des@1.0.2","browserify-des","1.0.2","MIT"
"browserify-rsa@4.0.1","browserify-rsa","4.0.1","MIT"
"browserify-sign@4.0.4","browserify-sign","4.0.4","ISC"
"browserify-zlib@0.2.0","browserify-zlib","0.2.0","MIT"
"browserslist@3.2.8","browserslist","3.2.8","MIT"
"browserslist@4.3.5","browserslist","4.3.5","MIT"
"buffer-from@1.1.1","buffer-from","1.1.1","MIT"
"buffer-indexof@1.1.1","buffer-indexof","1.1.1","MIT"
"buffer-xor@1.0.3","buffer-xor","1.0.3","MIT"
"buffer@4.9.1","buffer","4.9.1","MIT"
"builtin-modules@1.1.1","builtin-modules","1.1.1","MIT"
"builtin-status-codes@3.0.0","builtin-status-codes","3.0.0","MIT"
"bytes@3.0.0","bytes","3.0.0","MIT"
"cacache@10.0.4","cacache","10.0.4","ISC"
"cacache@11.3.1","cacache","11.3.1","ISC"
"cache-base@1.0.1","cache-base","1.0.1","MIT"
"caller-callsite@2.0.0","caller-callsite","2.0.0","MIT"
"caller-path@0.1.0","caller-path","0.1.0","MIT"
"caller-path@2.0.0","caller-path","2.0.0","MIT"
"callsite@1.0.0","callsite","1.0.0","MIT*"
"callsites@0.2.0","callsites","0.2.0","MIT"
"callsites@2.0.0","callsites","2.0.0","MIT"
"camel-case@3.0.0","camel-case","3.0.0","MIT"
"camelcase-keys@2.1.0","camelcase-keys","2.1.0","MIT"
"camelcase@1.2.1","camelcase","1.2.1","MIT"
"camelcase@2.1.1","camelcase","2.1.1","MIT"
"camelcase@3.0.0","camelcase","3.0.0","MIT"
"camelcase@4.1.0","camelcase","4.1.0","MIT"
"camelcase@5.0.0","camelcase","5.0.0","MIT"
"camelize@1.0.0","camelize","1.0.0","MIT"
"caniuse-api@3.0.0","caniuse-api","3.0.0","MIT"
"caniuse-lite@1.0.30000916","caniuse-lite","1.0.30000916","CC-BY-4.0"
"capture-stack-trace@1.0.1","capture-stack-trace","1.0.1","MIT"
"caseless@0.12.0","caseless","0.12.0","Apache-2.0"
"center-align@0.1.3","center-align","0.1.3","MIT"
"chalk@1.1.3","chalk","1.1.3","MIT"
"chalk@2.4.1","chalk","2.4.1","MIT"
"character-parser@2.2.0","character-parser","2.2.0","MIT"
"chardet@0.4.2","chardet","0.4.2","MIT"
"chardet@0.7.0","chardet","0.7.0","MIT"
"check-types@7.4.0","check-types","7.4.0","MIT"
"chokidar@1.7.0","chokidar","1.7.0","MIT"
"chokidar@2.0.4","chokidar","2.0.4","MIT"
"chownr@1.1.1","chownr","1.1.1","ISC"
"chrome-trace-event@1.0.0","chrome-trace-event","1.0.0","MIT"
"ci-info@1.6.0","ci-info","1.6.0","MIT"
"cipher-base@1.0.4","cipher-base","1.0.4","MIT"
"circular-json@0.3.3","circular-json","0.3.3","MIT"
"class-utils@0.3.6","class-utils","0.3.6","MIT"
"classnames@2.2.6","classnames","2.2.6","MIT"
"clean-css@4.2.1","clean-css","4.2.1","MIT"
"clean-webpack-plugin@0.1.19","clean-webpack-plugin","0.1.19","MIT"
"cli-boxes@1.0.0","cli-boxes","1.0.0","MIT"
"cli-cursor@2.1.0","cli-cursor","2.1.0","MIT"
"cli-width@2.2.0","cli-width","2.2.0","ISC"
"cliui@2.1.0","cliui","2.1.0","ISC"
"cliui@3.2.0","cliui","3.2.0","ISC"
"cliui@4.1.0","cliui","4.1.0","ISC"
"clone-deep@0.3.0","clone-deep","0.3.0","MIT"
"clone-deep@2.0.2","clone-deep","2.0.2","MIT"
"clone@2.1.2","clone","2.1.2","MIT"
"co@4.6.0","co","4.6.0","MIT"
"coa@2.0.1","coa","2.0.1","MIT"
"code-point-at@1.1.0","code-point-at","1.1.0","MIT"
"collection-visit@1.0.0","collection-visit","1.0.0","MIT"
"color-convert@1.9.3","color-convert","1.9.3","MIT"
"color-name@1.1.3","color-name","1.1.3","MIT"
"color-string@1.5.3","color-string","1.5.3","MIT"
"color@3.1.0","color","3.1.0","MIT"
"colors@1.1.2","colors","1.1.2","MIT"
"combined-stream@1.0.7","combined-stream","1.0.7","MIT"
"commander@2.13.0","commander","2.13.0","MIT"
"commander@2.17.1","commander","2.17.1","MIT"
"commander@2.19.0","commander","2.19.0","MIT"
"commondir@1.0.1","commondir","1.0.1","MIT"
"component-bind@1.0.0","component-bind","1.0.0","MIT*"
"component-classes@1.2.6","component-classes","1.2.6","MIT"
"component-emitter@1.2.1","component-emitter","1.2.1","MIT"
"component-indexof@0.0.3","component-indexof","0.0.3","MIT*"
"component-inherit@0.0.3","component-inherit","0.0.3","MIT*"
"compressible@2.0.15","compressible","2.0.15","MIT"
"compression@1.7.3","compression","1.7.3","MIT"
"concat-map@0.0.1","concat-map","0.0.1","MIT"
"concat-stream@1.6.2","concat-stream","1.6.2","MIT"
"configstore@3.1.2","configstore","3.1.2","BSD-2-Clause"
"connect-history-api-fallback@1.5.0","connect-history-api-fallback","1.5.0","MIT"
"console-browserify@1.1.0","console-browserify","1.1.0","MIT"
"console-control-strings@1.1.0","console-control-strings","1.1.0","ISC"
"constantinople@3.1.2","constantinople","3.1.2","MIT"
"constants-browserify@1.0.0","constants-browserify","1.0.0","MIT"
"contains-path@0.1.0","contains-path","0.1.0","MIT"
"content-disposition@0.5.2","content-disposition","0.5.2","MIT"
"content-security-policy-builder@2.0.0","content-security-policy-builder","2.0.0","MIT"
"content-type@1.0.4","content-type","1.0.4","MIT"
"convert-source-map@1.6.0","convert-source-map","1.6.0","MIT"
"cookie-signature@1.0.6","cookie-signature","1.0.6","MIT"
"cookie@0.3.1","cookie","0.3.1","MIT"
"copy-concurrently@1.0.5","copy-concurrently","1.0.5","ISC"
"copy-descriptor@0.1.1","copy-descriptor","0.1.1","MIT"
"copy-webpack-plugin@4.6.0","copy-webpack-plugin","4.6.0","MIT"
"core-js@1.2.7","core-js","1.2.7","MIT"
"core-js@2.3.0","core-js","2.3.0","MIT"
"core-js@2.6.0","core-js","2.6.0","MIT"
"core-util-is@1.0.2","core-util-is","1.0.2","MIT"
"cosmiconfig@4.0.0","cosmiconfig","4.0.0","MIT"
"cosmiconfig@5.0.7","cosmiconfig","5.0.7","MIT"
"create-ecdh@4.0.3","create-ecdh","4.0.3","MIT"
"create-error-class@3.0.2","create-error-class","3.0.2","MIT"
"create-hash@1.2.0","create-hash","1.2.0","MIT"
"create-hmac@1.1.7","create-hmac","1.1.7","MIT"
"create-react-class@15.6.3","create-react-class","15.6.3","MIT"
"create-react-context@0.2.2","create-react-context","0.2.2","MIT"
"cross-env@5.2.0","cross-env","5.2.0","MIT"
"cross-spawn@3.0.1","cross-spawn","3.0.1","MIT"
"cross-spawn@5.1.0","cross-spawn","5.1.0","MIT"
"cross-spawn@6.0.5","cross-spawn","6.0.5","MIT"
"crypto-browserify@3.12.0","crypto-browserify","3.12.0","MIT"
"crypto-random-string@1.0.0","crypto-random-string","1.0.0","MIT"
"css-animation@1.5.0","css-animation","1.5.0","MIT"
"css-color-names@0.0.4","css-color-names","0.0.4","MIT"
"css-declaration-sorter@4.0.1","css-declaration-sorter","4.0.1","MIT"
"css-loader@1.0.1","css-loader","1.0.1","MIT"
"css-select-base-adapter@0.1.1","css-select-base-adapter","0.1.1","MIT"
"css-select@1.2.0","css-select","1.2.0","BSD*"
"css-select@2.0.2","css-select","2.0.2","BSD-2-Clause"
"css-selector-tokenizer@0.7.1","css-selector-tokenizer","0.7.1","MIT"
"css-tree@1.0.0-alpha.28","css-tree","1.0.0-alpha.28","MIT"
"css-tree@1.0.0-alpha.29","css-tree","1.0.0-alpha.29","MIT"
"css-unit-converter@1.1.1","css-unit-converter","1.1.1","MIT"
"css-url-regex@1.1.0","css-url-regex","1.1.0","MIT"
"css-what@2.1.2","css-what","2.1.2","BSD-2-Clause"
"cssesc@0.1.0","cssesc","0.1.0","MIT"
"cssesc@2.0.0","cssesc","2.0.0","MIT"
"cssnano-preset-default@4.0.5","cssnano-preset-default","4.0.5","MIT"
"cssnano-util-get-arguments@4.0.0","cssnano-util-get-arguments","4.0.0","MIT"
"cssnano-util-get-match@4.0.0","cssnano-util-get-match","4.0.0","MIT"
"cssnano-util-raw-cache@4.0.1","cssnano-util-raw-cache","4.0.1","MIT"
"cssnano-util-same-parent@4.0.1","cssnano-util-same-parent","4.0.1","MIT"
"cssnano@4.1.7","cssnano","4.1.7","MIT"
"csso@3.5.1","csso","3.5.1","MIT"
"currently-unhandled@0.4.1","currently-unhandled","0.4.1","MIT"
"cyclist@0.2.2","cyclist","0.2.2","MIT*"
"damerau-levenshtein@1.0.4","damerau-levenshtein","1.0.4","BSD-2-Clause"
"dashdash@1.14.1","dashdash","1.14.1","MIT"
"dasherize@2.0.0","dasherize","2.0.0","MIT"
"data-uri-to-buffer@1.2.0","data-uri-to-buffer","1.2.0","MIT"
"date-now@0.1.4","date-now","0.1.4","MIT"
"debug@2.6.9","debug","2.6.9","MIT"
"debug@3.1.0","debug","3.1.0","MIT"
"debug@3.2.6","debug","3.2.6","MIT"
"debug@4.1.0","debug","4.1.0","MIT"
"decamelize@1.2.0","decamelize","1.2.0","MIT"
"decamelize@2.0.0","decamelize","2.0.0","MIT"
"decode-uri-component@0.2.0","decode-uri-component","0.2.0","MIT"
"deep-equal@1.0.1","deep-equal","1.0.1","MIT"
"deep-extend@0.6.0","deep-extend","0.6.0","MIT"
"deep-is@0.1.3","deep-is","0.1.3","MIT"
"default-gateway@2.7.2","default-gateway","2.7.2","BSD-2-Clause"
"define-properties@1.1.3","define-properties","1.1.3","MIT"
"define-property@0.2.5","define-property","0.2.5","MIT"
"define-property@1.0.0","define-property","1.0.0","MIT"
"define-property@2.0.2","define-property","2.0.2","MIT"
"degenerator@1.0.4","degenerator","1.0.4","MIT"
"del@3.0.0","del","3.0.0","MIT"
"delayed-stream@1.0.0","delayed-stream","1.0.0","MIT"
"delegates@1.0.0","delegates","1.0.0","MIT"
"depd@1.1.2","depd","1.1.2","MIT"
"des.js@1.0.0","des.js","1.0.0","MIT"
"destroy@1.0.4","destroy","1.0.4","MIT"
"detect-indent@4.0.0","detect-indent","4.0.0","MIT"
"detect-node@2.0.4","detect-node","2.0.4","ISC"
"diffie-hellman@5.0.3","diffie-hellman","5.0.3","MIT"
"dir-glob@2.0.0","dir-glob","2.0.0","MIT"
"dns-equal@1.0.0","dns-equal","1.0.0","MIT"
"dns-packet@1.3.1","dns-packet","1.3.1","MIT"
"dns-prefetch-control@0.1.0","dns-prefetch-control","0.1.0","MIT"
"dns-txt@2.0.2","dns-txt","2.0.2","MIT"
"dockerfile-ast@0.0.12","dockerfile-ast","0.0.12","MIT"
"doctrine@1.5.0","doctrine","1.5.0","BSD"
"doctrine@2.1.0","doctrine","2.1.0","Apache-2.0"
"doctypes@1.1.0","doctypes","1.1.0","MIT"
"dom-align@1.8.0","dom-align","1.8.0","MIT"
"dom-closest@0.2.0","dom-closest","0.2.0","MIT"
"dom-converter@0.2.0","dom-converter","0.2.0","MIT"
"dom-matches@2.0.0","dom-matches","2.0.0","MIT"
"dom-scroll-into-view@1.2.1","dom-scroll-into-view","1.2.1","MIT"
"dom-serializer@0.1.0","dom-serializer","0.1.0","MIT"
"domain-browser@1.2.0","domain-browser","1.2.0","MIT"
"domelementtype@1.1.3","domelementtype","1.1.3","BSD*"
"domelementtype@1.3.1","domelementtype","1.3.1","BSD-2-Clause"
"domhandler@2.1.0","domhandler","2.1.0","BSD*"
"domutils@1.1.6","domutils","1.1.6","BSD*"
"domutils@1.5.1","domutils","1.5.1","BSD*"
"domutils@1.7.0","domutils","1.7.0","BSD-2-Clause"
"dont-sniff-mimetype@1.0.0","dont-sniff-mimetype","1.0.0","MIT"
"dot-prop@4.2.0","dot-prop","4.2.0","MIT"
"draft-js@0.10.5","draft-js","0.10.5","BSD-3-Clause"
"duplexer3@0.1.4","duplexer3","0.1.4","BSD-3-Clause"
"duplexer@0.1.1","duplexer","0.1.1","MIT"
"duplexify@3.6.1","duplexify","3.6.1","MIT"
"ecc-jsbn@0.1.2","ecc-jsbn","0.1.2","MIT"
"ecv-aoi-demo-frontend@1.0.0-beta","ecv-aoi-demo-frontend","1.0.0-beta","UNLICENSED"
"ee-first@1.1.1","ee-first","1.1.1","MIT"
"ejs@2.6.1","ejs","2.6.1","Apache-2.0"
"electron-to-chromium@1.3.88","electron-to-chromium","1.3.88","ISC"
"elliptic@6.4.1","elliptic","6.4.1","MIT"
"email-validator@2.0.4","email-validator","2.0.4","MIT"
"emoji-regex@6.5.1","emoji-regex","6.5.1","MIT"
"emojis-list@2.1.0","emojis-list","2.1.0","MIT"
"encodeurl@1.0.2","encodeurl","1.0.2","MIT"
"encoding@0.1.12","encoding","0.1.12","MIT"
"end-of-stream@1.4.1","end-of-stream","1.4.1","MIT"
"engine.io-client@3.3.1","engine.io-client","3.3.1","MIT"
"engine.io-parser@2.1.3","engine.io-parser","2.1.3","MIT"
"engine.io@3.3.2","engine.io","3.3.2","MIT"
"enhanced-resolve@4.1.0","enhanced-resolve","4.1.0","MIT"
"enquire.js@2.1.6","enquire.js","2.1.6","MIT"
"entities@1.1.2","entities","1.1.2","BSD-2-Clause"
"errno@0.1.7","errno","0.1.7","MIT"
"error-ex@1.3.2","error-ex","1.3.2","MIT"
"es-abstract@1.12.0","es-abstract","1.12.0","MIT"
"es-to-primitive@1.2.0","es-to-primitive","1.2.0","MIT"
"es6-promise@3.0.2","es6-promise","3.0.2","MIT"
"es6-promise@4.2.5","es6-promise","4.2.5","MIT"
"es6-promisify@5.0.0","es6-promisify","5.0.0","MIT"
"escape-html@1.0.3","escape-html","1.0.3","MIT"
"escape-string-regexp@1.0.5","escape-string-regexp","1.0.5","MIT"
"escodegen@1.11.0","escodegen","1.11.0","BSD-2-Clause"
"eslint-config-airbnb-base@13.1.0","eslint-config-airbnb-base","13.1.0","MIT"
"eslint-config-airbnb@17.1.0","eslint-config-airbnb","17.1.0","MIT"
"eslint-import-resolver-node@0.3.2","eslint-import-resolver-node","0.3.2","MIT"
"eslint-module-utils@2.2.0","eslint-module-utils","2.2.0","MIT"
"eslint-plugin-import@2.14.0","eslint-plugin-import","2.14.0","MIT"
"eslint-plugin-jsx-a11y@6.1.2","eslint-plugin-jsx-a11y","6.1.2","MIT"
"eslint-plugin-react@7.11.1","eslint-plugin-react","7.11.1","MIT"
"eslint-restricted-globals@0.1.1","eslint-restricted-globals","0.1.1","MIT"
"eslint-scope@3.7.1","eslint-scope","3.7.1","BSD-2-Clause"
"eslint-scope@4.0.0","eslint-scope","4.0.0","BSD-2-Clause"
"eslint-utils@1.3.1","eslint-utils","1.3.1","MIT"
"eslint-visitor-keys@1.0.0","eslint-visitor-keys","1.0.0","Apache-2.0"
"eslint@5.10.0","eslint","5.10.0","MIT"
"espree@5.0.0","espree","5.0.0","BSD-2-Clause"
"esprima@3.1.3","esprima","3.1.3","BSD-2-Clause"
"esprima@4.0.1","esprima","4.0.1","BSD-2-Clause"
"esquery@1.0.1","esquery","1.0.1","BSD-3-Clause"
"esrecurse@4.2.1","esrecurse","4.2.1","BSD-2-Clause"
"estraverse@4.2.0","estraverse","4.2.0","BSD-2-Clause"
"esutils@2.0.2","esutils","2.0.2","BSD"
"etag@1.8.1","etag","1.8.1","MIT"
"eventemitter3@3.1.0","eventemitter3","3.1.0","MIT"
"eventlistener@0.0.1","eventlistener","0.0.1","MIT"
"events@1.1.1","events","1.1.1","MIT"
"eventsource@1.0.7","eventsource","1.0.7","MIT"
"evp_bytestokey@1.0.3","evp_bytestokey","1.0.3","MIT"
"execa@0.10.0","execa","0.10.0","MIT"
"execa@0.7.0","execa","0.7.0","MIT"
"expand-brackets@0.1.5","expand-brackets","0.1.5","MIT"
"expand-brackets@2.1.4","expand-brackets","2.1.4","MIT"
"expand-range@1.8.2","expand-range","1.8.2","MIT"
"expect-ct@0.1.1","expect-ct","0.1.1","MIT"
"express@4.16.4","express","4.16.4","MIT"
"extend-shallow@2.0.1","extend-shallow","2.0.1","MIT"
"extend-shallow@3.0.2","extend-shallow","3.0.2","MIT"
"extend@3.0.2","extend","3.0.2","MIT"
"external-editor@2.2.0","external-editor","2.2.0","MIT"
"external-editor@3.0.3","external-editor","3.0.3","MIT"
"extglob@0.3.2","extglob","0.3.2","MIT"
"extglob@2.0.4","extglob","2.0.4","MIT"
"extsprintf@1.3.0","extsprintf","1.3.0","MIT"
"fast-deep-equal@2.0.1","fast-deep-equal","2.0.1","MIT"
"fast-json-stable-stringify@2.0.0","fast-json-stable-stringify","2.0.0","MIT"
"fast-levenshtein@2.0.6","fast-levenshtein","2.0.6","MIT"
"fastparse@1.1.2","fastparse","1.1.2","MIT"
"faye-websocket@0.10.0","faye-websocket","0.10.0","MIT"
"faye-websocket@0.11.1","faye-websocket","0.11.1","MIT"
"fbjs@0.8.17","fbjs","0.8.17","MIT"
"feature-policy@0.2.0","feature-policy","0.2.0","MIT"
"figgy-pudding@3.5.1","figgy-pudding","3.5.1","ISC"
"figures@2.0.0","figures","2.0.0","MIT"
"file-entry-cache@2.0.0","file-entry-cache","2.0.0","MIT"
"file-loader@2.0.0","file-loader","2.0.0","MIT"
"file-type@10.6.0","file-type","10.6.0","MIT"
"file-uri-to-path@1.0.0","file-uri-to-path","1.0.0","MIT"
"filename-regex@2.0.1","filename-regex","2.0.1","MIT"
"filesize@3.6.1","filesize","3.6.1","BSD-3-Clause"
"fill-range@2.2.4","fill-range","2.2.4","MIT"
"fill-range@4.0.0","fill-range","4.0.0","MIT"
"finalhandler@1.1.1","finalhandler","1.1.1","MIT"
"find-cache-dir@1.0.0","find-cache-dir","1.0.0","MIT"
"find-cache-dir@2.0.0","find-cache-dir","2.0.0","MIT"
"find-up@1.1.2","find-up","1.1.2","MIT"
"find-up@2.1.0","find-up","2.1.0","MIT"
"find-up@3.0.0","find-up","3.0.0","MIT"
"flat-cache@1.3.4","flat-cache","1.3.4","MIT"
"flush-write-stream@1.0.3","flush-write-stream","1.0.3","MIT"
"follow-redirects@1.5.10","follow-redirects","1.5.10","MIT"
"for-in@0.1.8","for-in","0.1.8","MIT"
"for-in@1.0.2","for-in","1.0.2","MIT"
"for-own@0.1.5","for-own","0.1.5","MIT"
"for-own@1.0.0","for-own","1.0.0","MIT"
"forever-agent@0.6.1","forever-agent","0.6.1","Apache-2.0"
"form-data@2.3.3","form-data","2.3.3","MIT"
"forwarded@0.1.2","forwarded","0.1.2","MIT"
"fp-ts@1.12.0","fp-ts","1.12.0","MIT"
"fragment-cache@0.2.1","fragment-cache","0.2.1","MIT"
"frameguard@3.0.0","frameguard","3.0.0","MIT"
"fresh@0.5.2","fresh","0.5.2","MIT"
"from2@2.3.0","from2","2.3.0","MIT"
"fs-readdir-recursive@1.1.0","fs-readdir-recursive","1.1.0","MIT"
"fs-write-stream-atomic@1.0.10","fs-write-stream-atomic","1.0.10","ISC"
"fs.realpath@1.0.0","fs.realpath","1.0.0","ISC"
"fstream@1.0.11","fstream","1.0.11","ISC"
"ftp@0.3.10","ftp","0.3.10","MIT"
"function-bind@1.1.1","function-bind","1.1.1","MIT"
"functional-red-black-tree@1.0.1","functional-red-black-tree","1.0.1","MIT"
"gauge@2.7.4","gauge","2.7.4","ISC"
"gaze@1.1.3","gaze","1.1.3","MIT"
"get-caller-file@1.0.3","get-caller-file","1.0.3","ISC"
"get-stdin@4.0.1","get-stdin","4.0.1","MIT"
"get-stream@3.0.0","get-stream","3.0.0","MIT"
"get-uri@2.0.2","get-uri","2.0.2","MIT"
"get-value@2.0.6","get-value","2.0.6","MIT"
"getpass@0.1.7","getpass","0.1.7","MIT"
"glob-base@0.3.0","glob-base","0.3.0","MIT"
"glob-parent@2.0.0","glob-parent","2.0.0","ISC"
"glob-parent@3.1.0","glob-parent","3.1.0","ISC"
"glob@7.1.3","glob","7.1.3","ISC"
"global-dirs@0.1.1","global-dirs","0.1.1","MIT"
"global-modules-path@2.3.1","global-modules-path","2.3.1","Apache-2.0"
"globals@11.9.0","globals","11.9.0","MIT"
"globals@9.18.0","globals","9.18.0","MIT"
"globby@6.1.0","globby","6.1.0","MIT"
"globby@7.1.1","globby","7.1.1","MIT"
"globule@1.2.1","globule","1.2.1","MIT"
"got@6.7.1","got","6.7.1","MIT"
"graceful-fs@4.1.15","graceful-fs","4.1.15","ISC"
"graphlib@2.1.7","graphlib","2.1.7","MIT"
"gud@1.0.0","gud","1.0.0","MIT"
"gzip-size@4.1.0","gzip-size","4.1.0","MIT"
"hammerjs@2.0.8","hammerjs","2.0.8","MIT"
"handle-thing@1.2.5","handle-thing","1.2.5","MIT"
"handlebars@4.0.12","handlebars","4.0.12","MIT"
"har-schema@2.0.0","har-schema","2.0.0","ISC"
"har-validator@5.1.3","har-validator","5.1.3","MIT"
"has-ansi@2.0.0","has-ansi","2.0.0","MIT"
"has-binary2@1.0.3","has-binary2","1.0.3","MIT"
"has-cors@1.1.0","has-cors","1.1.0","MIT"
"has-flag@3.0.0","has-flag","3.0.0","MIT"
"has-symbols@1.0.0","has-symbols","1.0.0","MIT"
"has-unicode@2.0.1","has-unicode","2.0.1","ISC"
"has-value@0.3.1","has-value","0.3.1","MIT"
"has-value@1.0.0","has-value","1.0.0","MIT"
"has-values@0.1.4","has-values","0.1.4","MIT"
"has-values@1.0.0","has-values","1.0.0","MIT"
"has@1.0.3","has","1.0.3","MIT"
"hasbin@1.2.3","hasbin","1.2.3","MIT"
"hash-base@3.0.4","hash-base","3.0.4","MIT"
"hash.js@1.1.7","hash.js","1.1.7","MIT"
"he@1.2.0","he","1.2.0","MIT"
"helmet-crossdomain@0.3.0","helmet-crossdomain","0.3.0","MIT"
"helmet-csp@2.7.1","helmet-csp","2.7.1","MIT"
"helmet@3.15.0","helmet","3.15.0","MIT"
"hex-color-regex@1.1.0","hex-color-regex","1.1.0","MIT"
"hide-powered-by@1.0.0","hide-powered-by","1.0.0","MIT"
"highlight.js@9.13.1","highlight.js","9.13.1","BSD-3-Clause"
"history@4.7.2","history","4.7.2","MIT"
"hmac-drbg@1.0.1","hmac-drbg","1.0.1","MIT"
"hoist-non-react-statics@2.5.5","hoist-non-react-statics","2.5.5","BSD-3-Clause"
"home-or-tmp@2.0.0","home-or-tmp","2.0.0","MIT"
"hosted-git-info@2.7.1","hosted-git-info","2.7.1","ISC"
"hpack.js@2.1.6","hpack.js","2.1.6","MIT"
"hpkp@2.0.0","hpkp","2.0.0","MIT"
"hsl-regex@1.0.0","hsl-regex","1.0.0","MIT"
"hsla-regex@1.0.0","hsla-regex","1.0.0","MIT"
"hsts@2.1.0","hsts","2.1.0","MIT"
"html-comment-regex@1.1.2","html-comment-regex","1.1.2","MIT"
"html-entities@1.2.1","html-entities","1.2.1","MIT"
"html-minifier@3.5.21","html-minifier","3.5.21","MIT"
"html-webpack-plugin@3.2.0","html-webpack-plugin","3.2.0","MIT"
"htmlparser2@3.3.0","htmlparser2","3.3.0","MIT"
"http-deceiver@1.2.7","http-deceiver","1.2.7","MIT"
"http-errors@1.6.3","http-errors","1.6.3","MIT"
"http-parser-js@0.5.0","http-parser-js","0.5.0","MIT"
"http-proxy-agent@2.1.0","http-proxy-agent","2.1.0","MIT"
"http-proxy-middleware@0.18.0","http-proxy-middleware","0.18.0","MIT"
"http-proxy@1.17.0","http-proxy","1.17.0","MIT"
"http-signature@1.2.0","http-signature","1.2.0","MIT"
"https-browserify@1.0.0","https-browserify","1.0.0","MIT"
"https-proxy-agent@2.2.1","https-proxy-agent","2.2.1","MIT"
"iconv-lite@0.4.23","iconv-lite","0.4.23","MIT"
"iconv-lite@0.4.24","iconv-lite","0.4.24","MIT"
"icss-replace-symbols@1.1.0","icss-replace-symbols","1.1.0","ISC"
"icss-utils@2.1.0","icss-utils","2.1.0","ISC"
"ieee754@1.1.12","ieee754","1.1.12","BSD-3-Clause"
"ieee754@1.1.8","ieee754","1.1.8","BSD-3-Clause"
"ienoopen@1.0.0","ienoopen","1.0.0","MIT"
"iferr@0.1.5","iferr","0.1.5","MIT"
"ignore-by-default@1.0.1","ignore-by-default","1.0.1","ISC"
"ignore@3.3.10","ignore","3.3.10","MIT"
"ignore@4.0.6","ignore","4.0.6","MIT"
"image-size@0.5.5","image-size","0.5.5","MIT"
"image-to-base64@2.0.1","image-to-base64","2.0.1","MIT"
"immediate@3.0.6","immediate","3.0.6","MIT"
"immutable@3.7.6","immutable","3.7.6","BSD-3-Clause"
"immutable@3.8.2","immutable","3.8.2","MIT"
"import-cwd@2.1.0","import-cwd","2.1.0","MIT"
"import-fresh@2.0.0","import-fresh","2.0.0","MIT"
"import-from@2.1.0","import-from","2.1.0","MIT"
"import-lazy@2.1.0","import-lazy","2.1.0","MIT"
"import-local@2.0.0","import-local","2.0.0","MIT"
"imurmurhash@0.1.4","imurmurhash","0.1.4","MIT"
"in-publish@2.0.0","in-publish","2.0.0","ISC"
"indent-string@2.1.0","indent-string","2.1.0","MIT"
"indexes-of@1.0.1","indexes-of","1.0.1","MIT"
"indexof@0.0.1","indexof","0.0.1","MIT*"
"inflight@1.0.6","inflight","1.0.6","ISC"
"inherits@2.0.1","inherits","2.0.1","ISC"
"inherits@2.0.3","inherits","2.0.3","ISC"
"ini@1.3.5","ini","1.3.5","ISC"
"inquirer@3.3.0","inquirer","3.3.0","MIT"
"inquirer@6.2.1","inquirer","6.2.1","MIT"
"inspectpack@3.0.2","inspectpack","3.0.2","MIT"
"internal-ip@3.0.1","internal-ip","3.0.1","MIT"
"interpret@1.1.0","interpret","1.1.0","MIT"
"intersperse@1.0.0","intersperse","1.0.0","MIT"
"invariant@2.2.4","invariant","2.2.4","MIT"
"invert-kv@1.0.0","invert-kv","1.0.0","MIT"
"invert-kv@2.0.0","invert-kv","2.0.0","MIT"
"io-ts-reporters@0.0.20","io-ts-reporters","0.0.20","MIT*"
"io-ts@1.4.2","io-ts","1.4.2","MIT"
"ip-regex@2.1.0","ip-regex","2.1.0","MIT"
"ip@1.1.5","ip","1.1.5","MIT"
"ipaddr.js@1.8.0","ipaddr.js","1.8.0","MIT"
"is-absolute-url@2.1.0","is-absolute-url","2.1.0","MIT"
"is-accessor-descriptor@0.1.6","is-accessor-descriptor","0.1.6","MIT"
"is-accessor-descriptor@1.0.0","is-accessor-descriptor","1.0.0","MIT"
"is-arrayish@0.2.1","is-arrayish","0.2.1","MIT"
"is-arrayish@0.3.2","is-arrayish","0.3.2","MIT"
"is-binary-path@1.0.1","is-binary-path","1.0.1","MIT"
"is-buffer@1.1.6","is-buffer","1.1.6","MIT"
"is-builtin-module@1.0.0","is-builtin-module","1.0.0","MIT"
"is-callable@1.1.4","is-callable","1.1.4","MIT"
"is-ci@1.2.1","is-ci","1.2.1","MIT"
"is-color-stop@1.1.0","is-color-stop","1.1.0","MIT"
"is-data-descriptor@0.1.4","is-data-descriptor","0.1.4","MIT"
"is-data-descriptor@1.0.0","is-data-descriptor","1.0.0","MIT"
"is-date-object@1.0.1","is-date-object","1.0.1","MIT"
"is-descriptor@0.1.6","is-descriptor","0.1.6","MIT"
"is-descriptor@1.0.2","is-descriptor","1.0.2","MIT"
"is-directory@0.3.1","is-directory","0.3.1","MIT"
"is-dotfile@1.0.3","is-dotfile","1.0.3","MIT"
"is-equal-shallow@0.1.3","is-equal-shallow","0.1.3","MIT"
"is-expression@3.0.0","is-expression","3.0.0","MIT"
"is-extendable@0.1.1","is-extendable","0.1.1","MIT"
"is-extendable@1.0.1","is-extendable","1.0.1","MIT"
"is-extglob@1.0.0","is-extglob","1.0.0","MIT"
"is-extglob@2.1.1","is-extglob","2.1.1","MIT"
"is-finite@1.0.2","is-finite","1.0.2","MIT"
"is-fullwidth-code-point@1.0.0","is-fullwidth-code-point","1.0.0","MIT"
"is-fullwidth-code-point@2.0.0","is-fullwidth-code-point","2.0.0","MIT"
"is-glob@2.0.1","is-glob","2.0.1","MIT"
"is-glob@3.1.0","is-glob","3.1.0","MIT"
"is-glob@4.0.0","is-glob","4.0.0","MIT"
"is-installed-globally@0.1.0","is-installed-globally","0.1.0","MIT"
"is-negative-zero@2.0.0","is-negative-zero","2.0.0","MIT"
"is-npm@1.0.0","is-npm","1.0.0","MIT"
"is-number@2.1.0","is-number","2.1.0","MIT"
"is-number@3.0.0","is-number","3.0.0","MIT"
"is-number@4.0.0","is-number","4.0.0","MIT"
"is-obj@1.0.1","is-obj","1.0.1","MIT"
"is-path-cwd@1.0.0","is-path-cwd","1.0.0","MIT"
"is-path-in-cwd@1.0.1","is-path-in-cwd","1.0.1","MIT"
"is-path-inside@1.0.1","is-path-inside","1.0.1","MIT"
"is-plain-object@2.0.4","is-plain-object","2.0.4","MIT"
"is-posix-bracket@0.1.1","is-posix-bracket","0.1.1","MIT"
"is-primitive@2.0.0","is-primitive","2.0.0","MIT"
"is-promise@2.1.0","is-promise","2.1.0","MIT"
"is-redirect@1.0.0","is-redirect","1.0.0","MIT"
"is-regex@1.0.4","is-regex","1.0.4","MIT"
"is-resolvable@1.1.0","is-resolvable","1.1.0","ISC"
"is-retry-allowed@1.1.0","is-retry-allowed","1.1.0","MIT"
"is-stream@1.1.0","is-stream","1.1.0","MIT"
"is-svg@3.0.0","is-svg","3.0.0","MIT"
"is-symbol@1.0.2","is-symbol","1.0.2","MIT"
"is-typedarray@1.0.0","is-typedarray","1.0.0","MIT"
"is-utf8@0.2.1","is-utf8","0.2.1","MIT"
"is-windows@1.0.2","is-windows","1.0.2","MIT"
"is-wsl@1.1.0","is-wsl","1.1.0","MIT"
"isarray@0.0.1","isarray","0.0.1","MIT"
"isarray@1.0.0","isarray","1.0.0","MIT"
"isarray@2.0.1","isarray","2.0.1","MIT"
"isexe@2.0.0","isexe","2.0.0","ISC"
"isobject@2.1.0","isobject","2.1.0","MIT"
"isobject@3.0.1","isobject","3.0.1","MIT"
"isomorphic-fetch@2.2.1","isomorphic-fetch","2.2.1","MIT"
"isstream@0.1.2","isstream","0.1.2","MIT"
"jmespath@0.15.0","jmespath","0.15.0","Apache 2.0"
"js-base64@2.4.9","js-base64","2.4.9","BSD-3-Clause"
"js-stringify@1.0.2","js-stringify","1.0.2","MIT"
"js-tokens@3.0.2","js-tokens","3.0.2","MIT"
"js-tokens@4.0.0","js-tokens","4.0.0","MIT"
"js-yaml@3.12.0","js-yaml","3.12.0","MIT"
"jsbn@0.1.1","jsbn","0.1.1","MIT"
"jsesc@0.5.0","jsesc","0.5.0","MIT"
"jsesc@1.3.0","jsesc","1.3.0","MIT"
"jsesc@2.5.2","jsesc","2.5.2","MIT"
"json-loader@0.5.7","json-loader","0.5.7","MIT"
"json-parse-better-errors@1.0.2","json-parse-better-errors","1.0.2","MIT"
"json-schema-traverse@0.4.1","json-schema-traverse","0.4.1","MIT"
"json-schema@0.2.3","json-schema","0.2.3","AFLv2.1,BSD"
"json-stable-stringify-without-jsonify@1.0.1","json-stable-stringify-without-jsonify","1.0.1","MIT"
"json-stringify-safe@5.0.1","json-stringify-safe","5.0.1","ISC"
"json2mq@0.2.0","json2mq","0.2.0","MIT"
"json3@3.3.2","json3","3.3.2","MIT"
"json5@0.5.1","json5","0.5.1","MIT"
"json5@2.1.0","json5","2.1.0","MIT"
"jsonify@0.0.0","jsonify","0.0.0","Public Domain"
"jsprim@1.4.1","jsprim","1.4.1","MIT"
"jstransformer@1.0.0","jstransformer","1.0.0","MIT"
"jsx-ast-utils@2.0.1","jsx-ast-utils","2.0.1","MIT"
"jszip@3.1.5","jszip","3.1.5","(MIT OR GPL-3.0)"
"killable@1.0.1","killable","1.0.1","ISC"
"kind-of@2.0.1","kind-of","2.0.1","MIT"
"kind-of@3.2.2","kind-of","3.2.2","MIT"
"kind-of@4.0.0","kind-of","4.0.0","MIT"
"kind-of@5.1.0","kind-of","5.1.0","MIT"
"kind-of@6.0.2","kind-of","6.0.2","MIT"
"last-call-webpack-plugin@3.0.0","last-call-webpack-plugin","3.0.0","MIT"
"latest-version@3.1.0","latest-version","3.1.0","MIT"
"lazy-cache@0.2.7","lazy-cache","0.2.7","MIT"
"lazy-cache@1.0.4","lazy-cache","1.0.4","MIT"
"lcid@1.0.0","lcid","1.0.0","MIT"
"lcid@2.0.0","lcid","2.0.0","MIT"
"less-loader@4.1.0","less-loader","4.1.0","MIT"
"less@3.9.0","less","3.9.0","Apache-2.0"
"levn@0.3.0","levn","0.3.0","MIT"
"lie@3.1.1","lie","3.1.1","MIT"
"load-json-file@1.1.0","load-json-file","1.1.0","MIT"
"load-json-file@2.0.0","load-json-file","2.0.0","MIT"
"load-json-file@4.0.0","load-json-file","4.0.0","MIT"
"loader-runner@2.3.1","loader-runner","2.3.1","MIT"
"loader-utils@0.2.17","loader-utils","0.2.17","MIT"
"loader-utils@1.1.0","loader-utils","1.1.0","MIT"
"locate-path@2.0.0","locate-path","2.0.0","MIT"
"locate-path@3.0.0","locate-path","3.0.0","MIT"
"lodash._getnative@3.9.1","lodash._getnative","3.9.1","MIT"
"lodash.assign@4.2.0","lodash.assign","4.2.0","MIT"
"lodash.assignin@4.2.0","lodash.assignin","4.2.0","MIT"
"lodash.clone@4.5.0","lodash.clone","4.5.0","MIT"
"lodash.clonedeep@4.5.0","lodash.clonedeep","4.5.0","MIT"
"lodash.debounce@4.0.8","lodash.debounce","4.0.8","MIT"
"lodash.flatten@4.4.0","lodash.flatten","4.4.0","MIT"
"lodash.get@4.4.2","lodash.get","4.4.2","MIT"
"lodash.isarguments@3.1.0","lodash.isarguments","3.1.0","MIT"
"lodash.isarray@3.0.4","lodash.isarray","3.0.4","MIT"
"lodash.isplainobject@4.0.6","lodash.isplainobject","4.0.6","MIT"
"lodash.keys@3.1.2","lodash.keys","3.1.2","MIT"
"lodash.memoize@4.1.2","lodash.memoize","4.1.2","MIT"
"lodash.mergewith@4.6.1","lodash.mergewith","4.6.1","MIT"
"lodash.set@4.3.2","lodash.set","4.3.2","MIT"
"lodash.some@4.6.0","lodash.some","4.6.0","MIT"
"lodash.tail@4.1.1","lodash.tail","4.1.1","MIT"
"lodash.throttle@4.1.1","lodash.throttle","4.1.1","MIT"
"lodash.uniq@4.5.0","lodash.uniq","4.5.0","MIT"
"lodash@4.17.10","lodash","4.17.10","MIT"
"lodash@4.17.11","lodash","4.17.11","MIT"
"loglevel@1.6.1","loglevel","1.6.1","MIT"
"longest@1.0.1","longest","1.0.1","MIT"
"loose-envify@1.4.0","loose-envify","1.4.0","MIT"
"loud-rejection@1.6.0","loud-rejection","1.6.0","MIT"
"lower-case@1.1.4","lower-case","1.1.4","MIT"
"lowercase-keys@1.0.1","lowercase-keys","1.0.1","MIT"
"lru-cache@4.1.5","lru-cache","4.1.5","ISC"
"macos-release@1.1.0","macos-release","1.1.0","MIT"
"make-dir@1.3.0","make-dir","1.3.0","MIT"
"map-age-cleaner@0.1.3","map-age-cleaner","0.1.3","MIT"
"map-cache@0.2.2","map-cache","0.2.2","MIT"
"map-obj@1.0.1","map-obj","1.0.1","MIT"
"map-visit@1.0.0","map-visit","1.0.0","MIT"
"math-random@1.0.1","math-random","1.0.1","MIT"
"md5.js@1.3.5","md5.js","1.3.5","MIT"
"mdn-data@1.1.4","mdn-data","1.1.4","MPL-2.0"
"media-typer@0.3.0","media-typer","0.3.0","MIT"
"mem@1.1.0","mem","1.1.0","MIT"
"mem@4.0.0","mem","4.0.0","MIT"
"memory-fs@0.4.1","memory-fs","0.4.1","MIT"
"memorystream@0.3.1","memorystream","0.3.1","MIT"
"meow@3.7.0","meow","3.7.0","MIT"
"merge-descriptors@1.0.1","merge-descriptors","1.0.1","MIT"
"methods@1.1.2","methods","1.1.2","MIT"
"micromatch@2.3.11","micromatch","2.3.11","MIT"
"micromatch@3.1.10","micromatch","3.1.10","MIT"
"miller-rabin@4.0.1","miller-rabin","4.0.1","MIT"
"mime-db@1.37.0","mime-db","1.37.0","MIT"
"mime-types@2.1.21","mime-types","2.1.21","MIT"
"mime@1.4.1","mime","1.4.1","MIT"
"mime@2.4.0","mime","2.4.0","MIT"
"mimic-fn@1.2.0","mimic-fn","1.2.0","MIT"
"mini-store@2.0.0","mini-store","2.0.0","MIT"
"minimalistic-assert@1.0.1","minimalistic-assert","1.0.1","ISC"
"minimalistic-crypto-utils@1.0.1","minimalistic-crypto-utils","1.0.1","MIT"
"minimatch@3.0.4","minimatch","3.0.4","ISC"
"minimist@0.0.8","minimist","0.0.8","MIT"
"minimist@1.2.0","minimist","1.2.0","MIT"
"mississippi@2.0.0","mississippi","2.0.0","BSD-2-Clause"
"mississippi@3.0.0","mississippi","3.0.0","BSD-2-Clause"
"mixin-deep@1.3.1","mixin-deep","1.3.1","MIT"
"mixin-object@2.0.1","mixin-object","2.0.1","MIT"
"mkdirp@0.5.1","mkdirp","0.5.1","MIT"
"moment-timezone@0.5.23","moment-timezone","0.5.23","MIT"
"moment@2.22.2","moment","2.22.2","MIT"
"most@1.7.3","most","1.7.3","MIT"
"move-concurrently@1.0.1","move-concurrently","1.0.1","ISC"
"ms@2.0.0","ms","2.0.0","MIT"
"ms@2.1.1","ms","2.1.1","MIT"
"multicast-dns-service-types@1.1.0","multicast-dns-service-types","1.1.0","MIT"
"multicast-dns@6.2.3","multicast-dns","6.2.3","MIT"
"mutationobserver-shim@0.3.2","mutationobserver-shim","0.3.2","WTFPL"
"mute-stream@0.0.7","mute-stream","0.0.7","ISC"
"nan@2.11.1","nan","2.11.1","MIT"
"nanomatch@1.2.13","nanomatch","1.2.13","MIT"
"natural-compare@1.4.0","natural-compare","1.4.0","MIT"
"nconf@0.10.0","nconf","0.10.0","MIT"
"needle@2.2.4","needle","2.2.4","MIT"
"negotiator@0.6.1","negotiator","0.6.1","MIT"
"neo-async@2.6.0","neo-async","2.6.0","MIT"
"netmask@1.0.6","netmask","1.0.6","MIT"
"nice-try@1.0.5","nice-try","1.0.5","MIT"
"no-case@2.3.2","no-case","2.3.2","MIT"
"nocache@2.0.0","nocache","2.0.0","MIT"
"node-fetch@1.7.3","node-fetch","1.7.3","MIT"
"node-forge@0.7.5","node-forge","0.7.5","(BSD-3-Clause OR GPL-2.0)"
"node-gyp@3.8.0","node-gyp","3.8.0","MIT"
"node-libs-browser@2.1.0","node-libs-browser","2.1.0","MIT"
"node-releases@1.1.0","node-releases","1.1.0","CC-BY-4.0"
"node-sass@4.11.0","node-sass","4.11.0","MIT"
"nodemon@1.18.8","nodemon","1.18.8","MIT"
"nopt@1.0.10","nopt","1.0.10","MIT"
"nopt@3.0.6","nopt","3.0.6","ISC"
"normalize-package-data@2.4.0","normalize-package-data","2.4.0","BSD-2-Clause"
"normalize-path@2.1.1","normalize-path","2.1.1","MIT"
"normalize-range@0.1.2","normalize-range","0.1.2","MIT"
"normalize-url@3.3.0","normalize-url","3.3.0","MIT"
"npm-run-all@4.1.5","npm-run-all","4.1.5","MIT"
"npm-run-path@2.0.2","npm-run-path","2.0.2","MIT"
"npmlog@4.1.2","npmlog","4.1.2","ISC"
"nth-check@1.0.2","nth-check","1.0.2","BSD-2-Clause"
"num2fraction@1.2.2","num2fraction","1.2.2","MIT"
"number-is-nan@1.0.1","number-is-nan","1.0.1","MIT"
"oauth-sign@0.9.0","oauth-sign","0.9.0","Apache-2.0"
"object-assign@4.1.1","object-assign","4.1.1","MIT"
"object-component@0.0.3","object-component","0.0.3","MIT*"
"object-copy@0.1.0","object-copy","0.1.0","MIT"
"object-keys@1.0.12","object-keys","1.0.12","MIT"
"object-visit@1.0.1","object-visit","1.0.1","MIT"
"object.assign@4.1.0","object.assign","4.1.0","MIT"
"object.entries@1.0.4","object.entries","1.0.4","MIT"
"object.getownpropertydescriptors@2.0.3","object.getownpropertydescriptors","2.0.3","MIT"
"object.omit@2.0.1","object.omit","2.0.1","MIT"
"object.pick@1.3.0","object.pick","1.3.0","MIT"
"object.values@1.0.4","object.values","1.0.4","MIT"
"obuf@1.1.2","obuf","1.1.2","MIT"
"omit.js@1.0.0","omit.js","1.0.0","MIT"
"on-finished@2.3.0","on-finished","2.3.0","MIT"
"on-headers@1.0.1","on-headers","1.0.1","MIT"
"once@1.4.0","once","1.4.0","ISC"
"onetime@2.0.1","onetime","2.0.1","MIT"
"opener@1.5.1","opener","1.5.1","(WTFPL OR MIT)"
"opn@5.4.0","opn","5.4.0","MIT"
"optimist@0.6.1","optimist","0.6.1","MIT*"
"optimize-css-assets-webpack-plugin@5.0.1","optimize-css-assets-webpack-plugin","5.0.1","MIT"
"optionator@0.8.2","optionator","0.8.2","MIT"
"original@1.0.2","original","1.0.2","MIT"
"os-browserify@0.3.0","os-browserify","0.3.0","MIT"
"os-homedir@1.0.2","os-homedir","1.0.2","MIT"
"os-locale@1.4.0","os-locale","1.4.0","MIT"
"os-locale@2.1.0","os-locale","2.1.0","MIT"
"os-locale@3.0.1","os-locale","3.0.1","MIT"
"os-name@2.0.1","os-name","2.0.1","MIT"
"os-tmpdir@1.0.2","os-tmpdir","1.0.2","MIT"
"osenv@0.1.5","osenv","0.1.5","ISC"
"output-file-sync@1.1.2","output-file-sync","1.1.2","MIT"
"p-defer@1.0.0","p-defer","1.0.0","MIT"
"p-finally@1.0.0","p-finally","1.0.0","MIT"
"p-is-promise@1.1.0","p-is-promise","1.1.0","MIT"
"p-limit@1.3.0","p-limit","1.3.0","MIT"
"p-limit@2.0.0","p-limit","2.0.0","MIT"
"p-locate@2.0.0","p-locate","2.0.0","MIT"
"p-locate@3.0.0","p-locate","3.0.0","MIT"
"p-map@1.2.0","p-map","1.2.0","MIT"
"p-try@1.0.0","p-try","1.0.0","MIT"
"p-try@2.0.0","p-try","2.0.0","MIT"
"pac-proxy-agent@2.0.2","pac-proxy-agent","2.0.2","MIT"
"pac-resolver@3.0.0","pac-resolver","3.0.0","MIT"
"package-json@4.0.1","package-json","4.0.1","MIT"
"pako@1.0.7","pako","1.0.7","(MIT AND Zlib)"
"parallel-transform@1.1.0","parallel-transform","1.1.0","MIT"
"param-case@2.1.1","param-case","2.1.1","MIT"
"parse-asn1@5.1.1","parse-asn1","5.1.1","ISC"
"parse-glob@3.0.4","parse-glob","3.0.4","MIT"
"parse-json@2.2.0","parse-json","2.2.0","MIT"
"parse-json@4.0.0","parse-json","4.0.0","MIT"
"parseqs@0.0.5","parseqs","0.0.5","MIT"
"parseuri@0.0.5","parseuri","0.0.5","MIT"
"parseurl@1.3.2","parseurl","1.3.2","MIT"
"pascalcase@0.1.1","pascalcase","0.1.1","MIT"
"path-browserify@0.0.0","path-browserify","0.0.0","MIT"
"path-dirname@1.0.2","path-dirname","1.0.2","MIT"
"path-exists@2.1.0","path-exists","2.1.0","MIT"
"path-exists@3.0.0","path-exists","3.0.0","MIT"
"path-is-absolute@1.0.1","path-is-absolute","1.0.1","MIT"
"path-is-inside@1.0.2","path-is-inside","1.0.2","(WTFPL OR MIT)"
"path-key@2.0.1","path-key","2.0.1","MIT"
"path-parse@1.0.6","path-parse","1.0.6","MIT"
"path-to-regexp@0.1.7","path-to-regexp","0.1.7","MIT"
"path-to-regexp@1.7.0","path-to-regexp","1.7.0","MIT"
"path-type@1.1.0","path-type","1.1.0","MIT"
"path-type@2.0.0","path-type","2.0.0","MIT"
"path-type@3.0.0","path-type","3.0.0","MIT"
"path@0.12.7","path","0.12.7","MIT"
"pbkdf2@3.0.17","pbkdf2","3.0.17","MIT"
"performance-now@2.1.0","performance-now","2.1.0","MIT"
"pidtree@0.3.0","pidtree","0.3.0","MIT"
"pify@2.3.0","pify","2.3.0","MIT"
"pify@3.0.0","pify","3.0.0","MIT"
"pinkie-promise@2.0.1","pinkie-promise","2.0.1","MIT"
"pinkie@2.0.4","pinkie","2.0.4","MIT"
"pkg-dir@1.0.0","pkg-dir","1.0.0","MIT"
"pkg-dir@2.0.0","pkg-dir","2.0.0","MIT"
"pkg-dir@3.0.0","pkg-dir","3.0.0","MIT"
"platform@1.3.5","platform","1.3.5","MIT"
"pluralize@7.0.0","pluralize","7.0.0","MIT"
"portfinder@1.0.20","portfinder","1.0.20","MIT"
"posix-character-classes@0.1.1","posix-character-classes","0.1.1","MIT"
"postcss-calc@7.0.1","postcss-calc","7.0.1","MIT"
"postcss-colormin@4.0.2","postcss-colormin","4.0.2","MIT"
"postcss-convert-values@4.0.1","postcss-convert-values","4.0.1","MIT"
"postcss-discard-comments@4.0.1","postcss-discard-comments","4.0.1","MIT"
"postcss-discard-duplicates@4.0.2","postcss-discard-duplicates","4.0.2","MIT"
"postcss-discard-empty@4.0.1","postcss-discard-empty","4.0.1","MIT"
"postcss-discard-overridden@4.0.1","postcss-discard-overridden","4.0.1","MIT"
"postcss-load-config@2.0.0","postcss-load-config","2.0.0","MIT"
"postcss-loader@2.1.6","postcss-loader","2.1.6","MIT"
"postcss-merge-longhand@4.0.9","postcss-merge-longhand","4.0.9","MIT"
"postcss-merge-rules@4.0.2","postcss-merge-rules","4.0.2","MIT"
"postcss-minify-font-values@4.0.2","postcss-minify-font-values","4.0.2","MIT"
"postcss-minify-gradients@4.0.1","postcss-minify-gradients","4.0.1","MIT"
"postcss-minify-params@4.0.1","postcss-minify-params","4.0.1","MIT"
"postcss-minify-selectors@4.0.1","postcss-minify-selectors","4.0.1","MIT"
"postcss-modules-extract-imports@1.2.1","postcss-modules-extract-imports","1.2.1","ISC"
"postcss-modules-local-by-default@1.2.0","postcss-modules-local-by-default","1.2.0","MIT"
"postcss-modules-scope@1.1.0","postcss-modules-scope","1.1.0","ISC"
"postcss-modules-values@1.3.0","postcss-modules-values","1.3.0","ISC"
"postcss-normalize-charset@4.0.1","postcss-normalize-charset","4.0.1","MIT"
"postcss-normalize-display-values@4.0.1","postcss-normalize-display-values","4.0.1","MIT"
"postcss-normalize-positions@4.0.1","postcss-normalize-positions","4.0.1","MIT"
"postcss-normalize-repeat-style@4.0.1","postcss-normalize-repeat-style","4.0.1","MIT"
"postcss-normalize-string@4.0.1","postcss-normalize-string","4.0.1","MIT"
"postcss-normalize-timing-functions@4.0.1","postcss-normalize-timing-functions","4.0.1","MIT"
"postcss-normalize-unicode@4.0.1","postcss-normalize-unicode","4.0.1","MIT"
"postcss-normalize-url@4.0.1","postcss-normalize-url","4.0.1","MIT"
"postcss-normalize-whitespace@4.0.1","postcss-normalize-whitespace","4.0.1","MIT"
"postcss-ordered-values@4.1.1","postcss-ordered-values","4.1.1","MIT"
"postcss-reduce-initial@4.0.2","postcss-reduce-initial","4.0.2","MIT"
"postcss-reduce-transforms@4.0.1","postcss-reduce-transforms","4.0.1","MIT"
"postcss-selector-parser@3.1.1","postcss-selector-parser","3.1.1","MIT"
"postcss-selector-parser@5.0.0-rc.4","postcss-selector-parser","5.0.0-rc.4","MIT"
"postcss-svgo@4.0.1","postcss-svgo","4.0.1","MIT"
"postcss-unique-selectors@4.0.1","postcss-unique-selectors","4.0.1","MIT"
"postcss-value-parser@3.3.1","postcss-value-parser","3.3.1","MIT"
"postcss@6.0.23","postcss","6.0.23","MIT"
"postcss@7.0.6","postcss","7.0.6","MIT"
"prelude-ls@1.1.2","prelude-ls","1.1.2","MIT"
"prepend-http@1.0.4","prepend-http","1.0.4","MIT"
"preserve@0.2.0","preserve","0.2.0","MIT"
"prettier@1.15.3","prettier","1.15.3","MIT"
"pretty-error@2.1.1","pretty-error","2.1.1","MIT"
"private@0.1.8","private","0.1.8","MIT"
"process-nextick-args@1.0.7","process-nextick-args","1.0.7","MIT"
"process-nextick-args@2.0.0","process-nextick-args","2.0.0","MIT"
"process@0.11.10","process","0.11.10","MIT"
"progress@2.0.3","progress","2.0.3","MIT"
"promise-inflight@1.0.1","promise-inflight","1.0.1","ISC"
"promise@7.3.1","promise","7.3.1","MIT"
"prop-types@15.6.2","prop-types","15.6.2","MIT"
"proxy-addr@2.0.4","proxy-addr","2.0.4","MIT"
"proxy-agent@2.3.1","proxy-agent","2.3.1","MIT"
"proxy-from-env@1.0.0","proxy-from-env","1.0.0","MIT"
"prr@1.0.1","prr","1.0.1","MIT"
"pseudomap@1.0.2","pseudomap","1.0.2","ISC"
"psl@1.1.29","psl","1.1.29","MIT"
"pstree.remy@1.1.4","pstree.remy","1.1.4","MIT"
"public-encrypt@4.0.3","public-encrypt","4.0.3","MIT"
"pug-attrs@2.0.3","pug-attrs","2.0.3","MIT"
"pug-code-gen@2.0.1","pug-code-gen","2.0.1","MIT"
"pug-error@1.3.2","pug-error","1.3.2","MIT"
"pug-filters@3.1.0","pug-filters","3.1.0","MIT"
"pug-lexer@4.0.0","pug-lexer","4.0.0","MIT"
"pug-linker@3.0.5","pug-linker","3.0.5","MIT"
"pug-load@2.0.11","pug-load","2.0.11","MIT"
"pug-parser@5.0.0","pug-parser","5.0.0","MIT"
"pug-runtime@2.0.4","pug-runtime","2.0.4","MIT"
"pug-strip-comments@1.0.3","pug-strip-comments","1.0.3","MIT"
"pug-walk@1.1.7","pug-walk","1.1.7","MIT"
"pug@2.0.3","pug","2.0.3","MIT"
"pump@2.0.1","pump","2.0.1","MIT"
"pump@3.0.0","pump","3.0.0","MIT"
"pumpify@1.5.1","pumpify","1.5.1","MIT"
"punycode@1.3.2","punycode","1.3.2","MIT"
"punycode@1.4.1","punycode","1.4.1","MIT"
"punycode@2.1.1","punycode","2.1.1","MIT"
"q@1.5.1","q","1.5.1","MIT"
"qs@6.5.2","qs","6.5.2","BSD-3-Clause"
"querystring-es3@0.2.1","querystring-es3","0.2.1","MIT"
"querystring@0.2.0","querystring","0.2.0","MIT"
"querystringify@2.1.0","querystringify","2.1.0","MIT"
"raf@3.4.1","raf","3.4.1","MIT"
"randomatic@3.1.1","randomatic","3.1.1","MIT"
"randombytes@2.0.6","randombytes","2.0.6","MIT"
"randomfill@1.0.4","randomfill","1.0.4","MIT"
"range-parser@1.2.0","range-parser","1.2.0","MIT"
"raw-body@2.3.3","raw-body","2.3.3","MIT"
"rc-align@2.4.3","rc-align","2.4.3","MIT"
"rc-animate@2.6.0","rc-animate","2.6.0","MIT"
"rc-animate@3.0.0-rc.6","rc-animate","3.0.0-rc.6","MIT"
"rc-calendar@9.8.1","rc-calendar","9.8.1","MIT"
"rc-cascader@0.16.2","rc-cascader","0.16.2","MIT"
"rc-checkbox@2.1.5","rc-checkbox","2.1.5","MIT"
"rc-collapse@1.10.0","rc-collapse","1.10.0","MIT"
"rc-dialog@7.2.1","rc-dialog","7.2.1","MIT"
"rc-drawer@1.7.6","rc-drawer","1.7.6","MIT"
"rc-dropdown@2.2.1","rc-dropdown","2.2.1","MIT"
"rc-editor-core@0.8.8","rc-editor-core","0.8.8","MIT"
"rc-editor-mention@1.1.12","rc-editor-mention","1.1.12","MIT"
"rc-form@2.2.7","rc-form","2.2.7","MIT"
"rc-hammerjs@0.6.9","rc-hammerjs","0.6.9","MIT"
"rc-input-number@4.3.7","rc-input-number","4.3.7","MIT"
"rc-menu@7.4.20","rc-menu","7.4.20","MIT"
"rc-notification@3.3.0","rc-notification","3.3.0","MIT"
"rc-pagination@1.17.3","rc-pagination","1.17.3","MIT"
"rc-progress@2.2.6","rc-progress","2.2.6","MIT"
"rc-rate@2.4.3","rc-rate","2.4.3","MIT"
"rc-select@8.6.4","rc-select","8.6.4","MIT"
"rc-slider@8.6.4","rc-slider","8.6.4","MIT"
"rc-steps@3.3.0","rc-steps","3.3.0","MIT"
"rc-switch@1.8.0","rc-switch","1.8.0","MIT"
"rc-table@6.4.0","rc-table","6.4.0","MIT"
"rc-tabs@9.5.7","rc-tabs","9.5.7","MIT"
"rc-time-picker@3.4.0","rc-time-picker","3.4.0","MIT"
"rc-tooltip@3.7.3","rc-tooltip","3.7.3","MIT"
"rc-tree-select@2.4.4","rc-tree-select","2.4.4","MIT"
"rc-tree@1.14.8","rc-tree","1.14.8","MIT"
"rc-trigger@2.6.2","rc-trigger","2.6.2","MIT"
"rc-trigger@3.0.0-rc.3","rc-trigger","3.0.0-rc.3","MIT"
"rc-upload@2.6.0","rc-upload","2.6.0","MIT"
"rc-util@4.6.0","rc-util","4.6.0","MIT"
"rc@1.2.8","rc","1.2.8","(BSD-2-Clause OR MIT OR Apache-2.0)"
"react-dom@16.6.3","react-dom","16.6.3","MIT"
"react-highlight@0.12.0","react-highlight","0.12.0","MIT"
"react-lazy-load@3.0.13","react-lazy-load","3.0.13","MIT"
"react-lifecycles-compat@3.0.4","react-lifecycles-compat","3.0.4","MIT"
"react-loadable@5.5.0","react-loadable","5.5.0","MIT"
"react-router-dom@4.3.1","react-router-dom","4.3.1","MIT"
"react-router@4.3.1","react-router","4.3.1","MIT"
"react-slick@0.23.2","react-slick","0.23.2","MIT"
"react@16.6.3","react","16.6.3","MIT"
"read-pkg-up@1.0.1","read-pkg-up","1.0.1","MIT"
"read-pkg-up@2.0.0","read-pkg-up","2.0.0","MIT"
"read-pkg@1.1.0","read-pkg","1.1.0","MIT"
"read-pkg@2.0.0","read-pkg","2.0.0","MIT"
"read-pkg@3.0.0","read-pkg","3.0.0","MIT"
"readable-stream@1.0.34","readable-stream","1.0.34","MIT"
"readable-stream@1.1.14","readable-stream","1.1.14","MIT"
"readable-stream@2.0.6","readable-stream","2.0.6","MIT"
"readable-stream@2.3.6","readable-stream","2.3.6","MIT"
"readdirp@2.2.1","readdirp","2.2.1","MIT"
"recursive-readdir@2.2.2","recursive-readdir","2.2.2","MIT"
"redent@1.0.0","redent","1.0.0","MIT"
"referrer-policy@1.1.0","referrer-policy","1.1.0","MIT"
"regenerate@1.4.0","regenerate","1.4.0","MIT"
"regenerator-runtime@0.10.5","regenerator-runtime","0.10.5","MIT"
"regenerator-runtime@0.11.1","regenerator-runtime","0.11.1","MIT"
"regenerator-runtime@0.12.1","regenerator-runtime","0.12.1","MIT"
"regenerator-transform@0.10.1","regenerator-transform","0.10.1","BSD*"
"regex-cache@0.4.4","regex-cache","0.4.4","MIT"
"regex-not@1.0.2","regex-not","1.0.2","MIT"
"regexpp@2.0.1","regexpp","2.0.1","MIT"
"regexpu-core@1.0.0","regexpu-core","1.0.0","MIT"
"regexpu-core@2.0.0","regexpu-core","2.0.0","MIT"
"registry-auth-token@3.3.2","registry-auth-token","3.3.2","MIT"
"registry-url@3.1.0","registry-url","3.1.0","MIT"
"regjsgen@0.2.0","regjsgen","0.2.0","MIT"
"regjsparser@0.1.5","regjsparser","0.1.5","BSD*"
"relateurl@0.2.7","relateurl","0.2.7","MIT"
"remove-trailing-separator@1.1.0","remove-trailing-separator","1.1.0","ISC"
"renderkid@2.0.2","renderkid","2.0.2","MIT"
"repeat-element@1.1.3","repeat-element","1.1.3","MIT"
"repeat-string@1.6.1","repeat-string","1.6.1","MIT"
"repeating@2.0.1","repeating","2.0.1","MIT"
"request@2.88.0","request","2.88.0","Apache-2.0"
"require-directory@2.1.1","require-directory","2.1.1","MIT"
"require-from-string@2.0.2","require-from-string","2.0.2","MIT"
"require-main-filename@1.0.1","require-main-filename","1.0.1","ISC"
"require-uncached@1.0.3","require-uncached","1.0.3","MIT"
"requires-port@1.0.0","requires-port","1.0.0","MIT"
"resize-observer-polyfill@1.5.1","resize-observer-polyfill","1.5.1","MIT"
"resolve-cwd@2.0.0","resolve-cwd","2.0.0","MIT"
"resolve-from@1.0.1","resolve-from","1.0.1","MIT"
"resolve-from@3.0.0","resolve-from","3.0.0","MIT"
"resolve-pathname@2.2.0","resolve-pathname","2.2.0","MIT"
"resolve-url@0.2.1","resolve-url","0.2.1","MIT"
"resolve@1.8.1","resolve","1.8.1","MIT"
"restore-cursor@2.0.0","restore-cursor","2.0.0","MIT"
"ret@0.1.15","ret","0.1.15","MIT"
"rgb-regex@1.0.1","rgb-regex","1.0.1","MIT"
"rgba-regex@1.0.0","rgba-regex","1.0.0","MIT"
"right-align@0.1.3","right-align","0.1.3","MIT"
"rimraf@2.6.2","rimraf","2.6.2","ISC"
"ripemd160@2.0.2","ripemd160","2.0.2","MIT"
"rmc-feedback@2.0.0","rmc-feedback","2.0.0","MIT"
"run-async@2.3.0","run-async","2.3.0","MIT"
"run-queue@1.0.3","run-queue","1.0.3","ISC"
"rx-lite-aggregates@4.0.8","rx-lite-aggregates","4.0.8","Apache License, Version 2.0"
"rx-lite@4.0.8","rx-lite","4.0.8","Apache License, Version 2.0"
"rxjs@6.3.3","rxjs","6.3.3","Apache-2.0"
"safe-buffer@5.1.2","safe-buffer","5.1.2","MIT"
"safe-regex@1.1.0","safe-regex","1.1.0","MIT"
"safer-buffer@2.1.2","safer-buffer","2.1.2","MIT"
"sass-graph@2.2.4","sass-graph","2.2.4","MIT"
"sass-loader@7.1.0","sass-loader","7.1.0","MIT"
"sax@1.2.1","sax","1.2.1","ISC"
"sax@1.2.4","sax","1.2.4","ISC"
"scheduler@0.11.3","scheduler","0.11.3","MIT"
"schema-utils@0.4.7","schema-utils","0.4.7","MIT"
"schema-utils@1.0.0","schema-utils","1.0.0","MIT"
"scss-tokenizer@0.2.3","scss-tokenizer","0.2.3","MIT"
"secure-keys@1.0.0","secure-keys","1.0.0","MIT"
"select-hose@2.0.0","select-hose","2.0.0","MIT"
"selfsigned@1.10.4","selfsigned","1.10.4","MIT"
"semver-diff@2.1.0","semver-diff","2.1.0","MIT"
"semver@5.3.0","semver","5.3.0","ISC"
"semver@5.6.0","semver","5.6.0","ISC"
"send@0.16.2","send","0.16.2","MIT"
"serialize-javascript@1.5.0","serialize-javascript","1.5.0","BSD-3-Clause"
"serve-index@1.9.1","serve-index","1.9.1","MIT"
"serve-static@1.13.2","serve-static","1.13.2","MIT"
"set-blocking@2.0.0","set-blocking","2.0.0","ISC"
"set-value@0.4.3","set-value","0.4.3","MIT"
"set-value@2.0.0","set-value","2.0.0","MIT"
"setimmediate@1.0.5","setimmediate","1.0.5","MIT"
"setprototypeof@1.1.0","setprototypeof","1.1.0","ISC"
"sha.js@2.4.11","sha.js","2.4.11","(MIT AND BSD-3-Clause)"
"shallow-clone@0.1.2","shallow-clone","0.1.2","MIT"
"shallow-clone@1.0.0","shallow-clone","1.0.0","MIT"
"shallow-equal@1.0.0","shallow-equal","1.0.0","MIT"
"shallowequal@0.2.2","shallowequal","0.2.2","MIT"
"shallowequal@1.1.0","shallowequal","1.1.0","MIT"
"shebang-command@1.2.0","shebang-command","1.2.0","MIT"
"shebang-regex@1.0.0","shebang-regex","1.0.0","MIT"
"shell-quote@1.6.1","shell-quote","1.6.1","MIT"
"signal-exit@3.0.2","signal-exit","3.0.2","ISC"
"simple-swizzle@0.2.2","simple-swizzle","0.2.2","MIT"
"slash@1.0.0","slash","1.0.0","MIT"
"slice-ansi@2.0.0","slice-ansi","2.0.0","MIT"
"smart-buffer@1.1.15","smart-buffer","1.1.15","MIT"
"snapdragon-node@2.1.1","snapdragon-node","2.1.1","MIT"
"snapdragon-util@3.0.1","snapdragon-util","3.0.1","MIT"
"snapdragon@0.8.2","snapdragon","0.8.2","MIT"
"snyk-config@2.2.0","snyk-config","2.2.0","Apache-2.0"
"snyk-docker-plugin@1.14.0","snyk-docker-plugin","1.14.0","Apache-2.0"
"snyk-go-plugin@1.6.1","snyk-go-plugin","1.6.1","Apache-2.0"
"snyk-gradle-plugin@2.1.2","snyk-gradle-plugin","2.1.2","Apache-2.0"
"snyk-module@1.9.1","snyk-module","1.9.1","Apache-2.0"
"snyk-mvn-plugin@2.0.1","snyk-mvn-plugin","2.0.1","Apache-2.0"
"snyk-nodejs-lockfile-parser@1.9.0","snyk-nodejs-lockfile-parser","1.9.0","Apache-2.0"
"snyk-nuget-plugin@1.6.5","snyk-nuget-plugin","1.6.5","Apache-2.0"
"snyk-php-plugin@1.5.1","snyk-php-plugin","1.5.1","Apache-2.0"
"snyk-policy@1.13.1","snyk-policy","1.13.1","Apache-2.0"
"snyk-python-plugin@1.9.0","snyk-python-plugin","1.9.0","Apache-2.0"
"snyk-resolve-deps@4.0.2","snyk-resolve-deps","4.0.2","Apache-2.0"
"snyk-resolve@1.0.1","snyk-resolve","1.0.1","Apache-2.0"
"snyk-sbt-plugin@2.0.1","snyk-sbt-plugin","2.0.1","Apache-2.0"
"snyk-tree@1.0.0","snyk-tree","1.0.0","Apache-2.0"
"snyk-try-require@1.3.1","snyk-try-require","1.3.1","Apache-2.0"
"snyk@1.117.1","snyk","1.117.1","Apache-2.0"
"socket.io-adapter@1.1.1","socket.io-adapter","1.1.1","MIT"
"socket.io-client@2.2.0","socket.io-client","2.2.0","MIT"
"socket.io-parser@3.3.0","socket.io-parser","3.3.0","MIT"
"socket.io@2.2.0","socket.io","2.2.0","MIT"
"sockjs-client@1.3.0","sockjs-client","1.3.0","MIT"
"sockjs@0.3.19","sockjs","0.3.19","MIT"
"socks-proxy-agent@3.0.1","socks-proxy-agent","3.0.1","MIT"
"socks@1.1.10","socks","1.1.10","MIT"
"source-list-map@2.0.1","source-list-map","2.0.1","MIT"
"source-map-resolve@0.5.2","source-map-resolve","0.5.2","MIT"
"source-map-support@0.4.18","source-map-support","0.4.18","MIT"
"source-map-support@0.5.9","source-map-support","0.5.9","MIT"
"source-map-url@0.4.0","source-map-url","0.4.0","MIT"
"source-map@0.4.4","source-map","0.4.4","BSD-3-Clause"
"source-map@0.5.7","source-map","0.5.7","BSD-3-Clause"
"source-map@0.6.1","source-map","0.6.1","BSD-3-Clause"
"spdx-correct@3.1.0","spdx-correct","3.1.0","Apache-2.0"
"spdx-exceptions@2.2.0","spdx-exceptions","2.2.0","CC-BY-3.0"
"spdx-expression-parse@3.0.0","spdx-expression-parse","3.0.0","MIT"
"spdx-license-ids@3.0.2","spdx-license-ids","3.0.2","CC0-1.0"
"spdy-transport@2.1.1","spdy-transport","2.1.1","MIT"
"spdy@3.4.7","spdy","3.4.7","MIT"
"split-string@3.1.0","split-string","3.1.0","MIT"
"sprintf-js@1.0.3","sprintf-js","1.0.3","BSD-3-Clause"
"sshpk@1.15.2","sshpk","1.15.2","MIT"
"ssri@5.3.0","ssri","5.3.0","ISC"
"ssri@6.0.1","ssri","6.0.1","ISC"
"stable@0.1.8","stable","0.1.8","MIT"
"static-extend@0.1.2","static-extend","0.1.2","MIT"
"statuses@1.4.0","statuses","1.4.0","MIT"
"statuses@1.5.0","statuses","1.5.0","MIT"
"stdout-stream@1.4.1","stdout-stream","1.4.1","MIT"
"stream-browserify@2.0.1","stream-browserify","2.0.1","MIT"
"stream-each@1.2.3","stream-each","1.2.3","MIT"
"stream-http@2.8.3","stream-http","2.8.3","MIT"
"stream-shift@1.0.0","stream-shift","1.0.0","MIT"
"string-convert@0.2.1","string-convert","0.2.1","MIT"
"string-width@1.0.2","string-width","1.0.2","MIT"
"string-width@2.1.1","string-width","2.1.1","MIT"
"string.prototype.padend@3.0.0","string.prototype.padend","3.0.0","MIT"
"string_decoder@0.10.31","string_decoder","0.10.31","MIT"
"string_decoder@1.1.1","string_decoder","1.1.1","MIT"
"strip-ansi@3.0.1","strip-ansi","3.0.1","MIT"
"strip-ansi@4.0.0","strip-ansi","4.0.0","MIT"
"strip-ansi@5.0.0","strip-ansi","5.0.0","MIT"
"strip-bom@2.0.0","strip-bom","2.0.0","MIT"
"strip-bom@3.0.0","strip-bom","3.0.0","MIT"
"strip-eof@1.0.0","strip-eof","1.0.0","MIT"
"strip-indent@1.0.1","strip-indent","1.0.1","MIT"
"strip-json-comments@2.0.1","strip-json-comments","2.0.1","MIT"
"style-loader@0.22.1","style-loader","0.22.1","MIT"
"stylehacks@4.0.1","stylehacks","4.0.1","MIT"
"supports-color@2.0.0","supports-color","2.0.0","MIT"
"supports-color@5.5.0","supports-color","5.5.0","MIT"
"svgo@1.1.1","svgo","1.1.1","MIT"
"symbol-observable@1.2.0","symbol-observable","1.2.0","MIT"
"table@5.1.1","table","5.1.1","BSD-3-Clause"
"tapable@1.1.1","tapable","1.1.1","MIT"
"tar@2.2.1","tar","2.2.1","ISC"
"temp-dir@1.0.0","temp-dir","1.0.0","MIT"
"tempfile@2.0.0","tempfile","2.0.0","MIT"
"term-size@1.2.0","term-size","1.2.0","MIT"
"terser-webpack-plugin@1.1.0","terser-webpack-plugin","1.1.0","MIT"
"terser@3.11.0","terser","3.11.0","BSD-2-Clause"
"text-table@0.2.0","text-table","0.2.0","MIT"
"then-fs@2.0.0","then-fs","2.0.0","MIT"
"through2@2.0.5","through2","2.0.5","MIT"
"through@2.3.8","through","2.3.8","MIT"
"thunkify@2.1.2","thunkify","2.1.2","MIT"
"thunky@1.0.3","thunky","1.0.3","MIT"
"timed-out@4.0.1","timed-out","4.0.1","MIT"
"timers-browserify@2.0.10","timers-browserify","2.0.10","MIT"
"timsort@0.3.0","timsort","0.3.0","MIT"
"tinycolor2@1.4.1","tinycolor2","1.4.1","MIT"
"tmp@0.0.33","tmp","0.0.33","MIT"
"to-array@0.1.4","to-array","0.1.4","MIT"
"to-arraybuffer@1.0.1","to-arraybuffer","1.0.1","MIT"
"to-fast-properties@1.0.3","to-fast-properties","1.0.3","MIT"
"to-fast-properties@2.0.0","to-fast-properties","2.0.0","MIT"
"to-object-path@0.3.0","to-object-path","0.3.0","MIT"
"to-regex-range@2.1.1","to-regex-range","2.1.1","MIT"
"to-regex@3.0.2","to-regex","3.0.2","MIT"
"token-stream@0.0.1","token-stream","0.0.1","MIT"
"toml@2.3.3","toml","2.3.3","MIT"
"toposort@1.0.7","toposort","1.0.7","MIT"
"touch@3.1.0","touch","3.1.0","ISC"
"tough-cookie@2.4.3","tough-cookie","2.4.3","BSD-3-Clause"
"trim-newlines@1.0.0","trim-newlines","1.0.0","MIT"
"trim-right@1.0.1","trim-right","1.0.1","MIT"
"true-case-path@1.0.3","true-case-path","1.0.3","Apache-2.0"
"tryer@1.0.1","tryer","1.0.1","MIT"
"tslib@1.9.3","tslib","1.9.3","Apache-2.0"
"tty-browserify@0.0.0","tty-browserify","0.0.0","MIT"
"tunnel-agent@0.6.0","tunnel-agent","0.6.0","Apache-2.0"
"tweetnacl@0.14.5","tweetnacl","0.14.5","Unlicense"
"type-check@0.3.2","type-check","0.3.2","MIT"
"type-is@1.6.16","type-is","1.6.16","MIT"
"typedarray@0.0.6","typedarray","0.0.6","MIT"
"ua-parser-js@0.7.19","ua-parser-js","0.7.19","(GPL-2.0 OR MIT)"
"uglify-es@3.3.9","uglify-es","3.3.9","BSD-2-Clause"
"uglify-js@2.8.29","uglify-js","2.8.29","BSD-2-Clause"
"uglify-js@3.4.9","uglify-js","3.4.9","BSD-2-Clause"
"uglify-to-browserify@1.0.2","uglify-to-browserify","1.0.2","MIT"
"uglifyjs-webpack-plugin@1.3.0","uglifyjs-webpack-plugin","1.3.0","MIT"
"undefsafe@2.0.2","undefsafe","2.0.2","MIT"
"union-value@1.0.0","union-value","1.0.0","MIT"
"uniq@1.0.1","uniq","1.0.1","MIT"
"uniqs@2.0.0","uniqs","2.0.0","MIT"
"unique-filename@1.1.1","unique-filename","1.1.1","ISC"
"unique-slug@2.0.1","unique-slug","2.0.1","ISC"
"unique-string@1.0.0","unique-string","1.0.0","MIT"
"unpipe@1.0.0","unpipe","1.0.0","MIT"
"unquote@1.1.1","unquote","1.1.1","MIT"
"unset-value@1.0.0","unset-value","1.0.0","MIT"
"unzip-response@2.0.1","unzip-response","2.0.1","MIT"
"upath@1.1.0","upath","1.1.0","MIT"
"update-notifier@2.5.0","update-notifier","2.5.0","BSD-2-Clause"
"upper-case@1.1.3","upper-case","1.1.3","MIT"
"uri-js@4.2.2","uri-js","4.2.2","BSD-2-Clause"
"urix@0.1.0","urix","0.1.0","MIT"
"url-loader@1.1.2","url-loader","1.1.2","MIT"
"url-parse-lax@1.0.0","url-parse-lax","1.0.0","MIT"
"url-parse@1.4.4","url-parse","1.4.4","MIT"
"url@0.10.3","url","0.10.3","MIT"
"url@0.11.0","url","0.11.0","MIT"
"use@3.1.1","use","3.1.1","MIT"
"user-home@1.1.1","user-home","1.1.1","MIT"
"util-deprecate@1.0.2","util-deprecate","1.0.2","MIT"
"util.promisify@1.0.0","util.promisify","1.0.0","MIT"
"util@0.10.3","util","0.10.3","MIT"
"util@0.10.4","util","0.10.4","MIT"
"utila@0.4.0","utila","0.4.0","MIT"
"utils-merge@1.0.1","utils-merge","1.0.1","MIT"
"uuid@3.1.0","uuid","3.1.0","MIT"
"uuid@3.3.2","uuid","3.3.2","MIT"
"v8-compile-cache@2.0.2","v8-compile-cache","2.0.2","MIT"
"v8flags@2.1.1","v8flags","2.1.1","MIT"
"validate-npm-package-license@3.0.4","validate-npm-package-license","3.0.4","Apache-2.0"
"value-equal@0.4.0","value-equal","0.4.0","MIT"
"vary@1.1.2","vary","1.1.2","MIT"
"vendors@1.0.2","vendors","1.0.2","MIT"
"verror@1.10.0","verror","1.10.0","MIT"
"vm-browserify@0.0.4","vm-browserify","0.0.4","MIT"
"void-elements@2.0.1","void-elements","2.0.1","MIT"
"vscode-languageserver-types@3.13.0","vscode-languageserver-types","3.13.0","MIT"
"warning@2.1.0","warning","2.1.0","BSD-2-Clause"
"warning@3.0.0","warning","3.0.0","BSD-3-Clause"
"warning@4.0.2","warning","4.0.2","MIT"
"watchpack@1.6.0","watchpack","1.6.0","MIT"
"wbuf@1.7.3","wbuf","1.7.3","MIT"
"webpack-bundle-analyzer@2.13.1","webpack-bundle-analyzer","2.13.1","MIT"
"webpack-cli@3.1.2","webpack-cli","3.1.2","MIT"
"webpack-dashboard@2.0.0","webpack-dashboard","2.0.0","MIT"
"webpack-dev-middleware@3.4.0","webpack-dev-middleware","3.4.0","MIT"
"webpack-dev-server@3.1.10","webpack-dev-server","3.1.10","MIT"
"webpack-hot-middleware@2.24.3","webpack-hot-middleware","2.24.3","MIT"
"webpack-log@2.0.0","webpack-log","2.0.0","MIT"
"webpack-merge@4.1.5","webpack-merge","4.1.5","MIT"
"webpack-sources@1.3.0","webpack-sources","1.3.0","MIT"
"webpack@4.27.1","webpack","4.27.1","MIT"
"websocket-driver@0.7.0","websocket-driver","0.7.0","MIT"
"websocket-extensions@0.1.3","websocket-extensions","0.1.3","MIT"
"whatwg-fetch@3.0.0","whatwg-fetch","3.0.0","MIT"
"which-module@1.0.0","which-module","1.0.0","ISC"
"which-module@2.0.0","which-module","2.0.0","ISC"
"which@1.3.1","which","1.3.1","ISC"
"wide-align@1.1.3","wide-align","1.1.3","ISC"
"widest-line@2.0.1","widest-line","2.0.1","MIT"
"win-release@1.1.1","win-release","1.1.1","MIT"
"window-size@0.1.0","window-size","0.1.0","MIT"
"window-size@0.1.4","window-size","0.1.4","MIT"
"with@5.1.1","with","5.1.1","MIT"
"wordwrap@0.0.2","wordwrap","0.0.2","MIT*"
"wordwrap@1.0.0","wordwrap","1.0.0","MIT"
"worker-farm@1.6.0","worker-farm","1.6.0","MIT"
"wrap-ansi@2.1.0","wrap-ansi","2.1.0","MIT"
"wrappy@1.0.2","wrappy","1.0.2","ISC"
"write-file-atomic@2.3.0","write-file-atomic","2.3.0","ISC"
"write@0.2.1","write","0.2.1","MIT"
"ws@4.1.0","ws","4.1.0","MIT"
"ws@6.1.2","ws","6.1.2","MIT"
"x-xss-protection@1.1.0","x-xss-protection","1.1.0","MIT"
"xdg-basedir@3.0.0","xdg-basedir","3.0.0","MIT"
"xml2js@0.4.19","xml2js","0.4.19","MIT"
"xmlbuilder@9.0.7","xmlbuilder","9.0.7","MIT"
"xmlhttprequest-ssl@1.5.5","xmlhttprequest-ssl","1.5.5","MIT"
"xregexp@2.0.0","xregexp","2.0.0","MIT"
"xregexp@4.0.0","xregexp","4.0.0","MIT"
"xtend@4.0.1","xtend","4.0.1","MIT"
"y18n@3.2.1","y18n","3.2.1","ISC"
"y18n@4.0.0","y18n","4.0.0","ISC"
"yallist@2.1.2","yallist","2.1.2","ISC"
"yargs-parser@10.1.0","yargs-parser","10.1.0","ISC"
"yargs-parser@11.1.1","yargs-parser","11.1.1","ISC"
"yargs-parser@5.0.0","yargs-parser","5.0.0","ISC"
"yargs-parser@9.0.2","yargs-parser","9.0.2","ISC"
"yargs@11.1.0","yargs","11.1.0","MIT"
"yargs@12.0.2","yargs","12.0.2","MIT"
"yargs@12.0.5","yargs","12.0.5","MIT"
"yargs@3.10.0","yargs","3.10.0","MIT"
"yargs@3.32.0","yargs","3.32.0","MIT"
"yargs@7.1.0","yargs","7.1.0","MIT"
"yeast@0.1.2","yeast","0.1.2","MIT"