"module name","name","version","licenses"
"ajv@6.6.1","ajv","6.6.1","MIT"
"asn1@0.2.4","asn1","0.2.4","MIT"
"assert-plus@1.0.0","assert-plus","1.0.0","MIT"
"asynckit@0.4.0","asynckit","0.4.0","MIT"
"aws-sdk@2.373.0","aws-sdk","2.373.0","Apache-2.0"
"aws-sign2@0.7.0","aws-sign2","0.7.0","Apache-2.0"
"aws4@1.8.0","aws4","1.8.0","MIT"
"base64-js@1.3.0","base64-js","1.3.0","MIT"
"bcrypt-pbkdf@1.0.2","bcrypt-pbkdf","1.0.2","BSD-3-Clause"
"buffer@4.9.1","buffer","4.9.1","MIT"
"caseless@0.12.0","caseless","0.12.0","Apache-2.0"
"combined-stream@1.0.7","combined-stream","1.0.7","MIT"
"core-util-is@1.0.2","core-util-is","1.0.2","MIT"
"dashdash@1.14.1","dashdash","1.14.1","MIT"
"delayed-stream@1.0.0","delayed-stream","1.0.0","MIT"
"ecc-jsbn@0.1.2","ecc-jsbn","0.1.2","MIT"
"events@1.1.1","events","1.1.1","MIT"
"extend@3.0.2","extend","3.0.2","MIT"
"extsprintf@1.3.0","extsprintf","1.3.0","MIT"
"fast-deep-equal@2.0.1","fast-deep-equal","2.0.1","MIT"
"fast-json-stable-stringify@2.0.0","fast-json-stable-stringify","2.0.0","MIT"
"file-type@10.6.0","file-type","10.6.0","MIT"
"forever-agent@0.6.1","forever-agent","0.6.1","Apache-2.0"
"form-data@2.3.3","form-data","2.3.3","MIT"
"getpass@0.1.7","getpass","0.1.7","MIT"
"har-schema@2.0.0","har-schema","2.0.0","ISC"
"har-validator@5.1.3","har-validator","5.1.3","MIT"
"http-signature@1.2.0","http-signature","1.2.0","MIT"
"ieee754@1.1.8","ieee754","1.1.8","BSD-3-Clause"
"invokesagemaker@1.0.0","invokesagemaker","1.0.0","UNKNOWN"
"is-typedarray@1.0.0","is-typedarray","1.0.0","MIT"
"isarray@1.0.0","isarray","1.0.0","MIT"
"isstream@0.1.2","isstream","0.1.2","MIT"
"jmespath@0.15.0","jmespath","0.15.0","Apache 2.0"
"jsbn@0.1.1","jsbn","0.1.1","MIT"
"json-schema-traverse@0.4.1","json-schema-traverse","0.4.1","MIT"
"json-schema@0.2.3","json-schema","0.2.3","AFLv2.1,BSD"
"json-stringify-safe@5.0.1","json-stringify-safe","5.0.1","ISC"
"jsprim@1.4.1","jsprim","1.4.1","MIT"
"mime-db@1.37.0","mime-db","1.37.0","MIT"
"mime-types@2.1.21","mime-types","2.1.21","MIT"
"oauth-sign@0.9.0","oauth-sign","0.9.0","Apache-2.0"
"performance-now@2.1.0","performance-now","2.1.0","MIT"
"psl@1.1.29","psl","1.1.29","MIT"
"punycode@1.3.2","punycode","1.3.2","MIT"
"punycode@1.4.1","punycode","1.4.1","MIT"
"punycode@2.1.1","punycode","2.1.1","MIT"
"qs@6.5.2","qs","6.5.2","BSD-3-Clause"
"querystring@0.2.0","querystring","0.2.0","MIT"
"request@2.88.0","request","2.88.0","Apache-2.0"
"safe-buffer@5.1.2","safe-buffer","5.1.2","MIT"
"safer-buffer@2.1.2","safer-buffer","2.1.2","MIT"
"sax@1.2.1","sax","1.2.1","ISC"
"sshpk@1.15.2","sshpk","1.15.2","MIT"
"tough-cookie@2.4.3","tough-cookie","2.4.3","BSD-3-Clause"
"tunnel-agent@0.6.0","tunnel-agent","0.6.0","Apache-2.0"
"tweetnacl@0.14.5","tweetnacl","0.14.5","Unlicense"
"uri-js@4.2.2","uri-js","4.2.2","BSD-2-Clause"
"url@0.10.3","url","0.10.3","MIT"
"uuid@3.1.0","uuid","3.1.0","MIT"
"uuid@3.3.2","uuid","3.3.2","MIT"
"verror@1.10.0","verror","1.10.0","MIT"
"xml2js@0.4.19","xml2js","0.4.19","MIT"
"xmlbuilder@9.0.7","xmlbuilder","9.0.7","MIT"